--
-- MySQL 5.1.53
-- Tue, 22 Jan 2019 08:30:57 +0000
--

CREATE TABLE `admin` (
   `admin_id` int(11) not null auto_increment,
   `name` longtext not null,
   `email` longtext not null,
   `password` longtext not null,
   `level` longtext not null,
   `authentication_key` longtext not null,
   PRIMARY KEY (`admin_id`)
) ENGINE=InnoDB DEFAULT CHARSET=utf8 AUTO_INCREMENT=2;

INSERT INTO `admin` (`admin_id`, `name`, `email`, `password`, `level`, `authentication_key`) VALUES 
('1', 'Mr. Admin', 'admin@admin.com', 'admin', '1', '');

CREATE TABLE `attendance` (
   `attendance_id` int(11) not null auto_increment,
   `status` int(11) not null,
   `student_id` int(11) not null,
   `date` date not null,
   PRIMARY KEY (`attendance_id`)
) ENGINE=InnoDB DEFAULT CHARSET=latin1 AUTO_INCREMENT=103;

INSERT INTO `attendance` (`attendance_id`, `status`, `student_id`, `date`) VALUES 
('1', '1', '1', '2016-01-04'),
('2', '1', '1', '2016-01-06'),
('3', '1', '2', '2016-01-06'),
('4', '2', '3', '2016-01-06'),
('5', '1', '4', '2016-01-06'),
('6', '1', '5', '2016-01-06'),
('7', '2', '6', '2016-01-06'),
('8', '1', '7', '2016-01-06'),
('9', '2', '8', '2016-01-06'),
('10', '1', '9', '2016-01-06'),
('11', '1', '10', '2016-01-06'),
('12', '1', '11', '2016-01-06'),
('13', '1', '12', '2016-01-06'),
('14', '2', '13', '2016-01-06'),
('15', '1', '14', '2016-01-06'),
('16', '1', '15', '2016-01-06'),
('17', '1', '16', '2016-01-06'),
('18', '2', '17', '2016-01-06'),
('19', '1', '18', '2016-01-06'),
('20', '1', '19', '2016-01-06'),
('21', '2', '20', '2016-01-06'),
('22', '1', '21', '2016-01-06'),
('23', '1', '22', '2016-01-06'),
('24', '1', '23', '2016-01-06'),
('25', '1', '24', '2016-01-06'),
('26', '2', '25', '2016-01-06'),
('27', '1', '26', '2016-01-06'),
('28', '1', '52', '2016-01-06'),
('29', '1', '53', '2016-01-06'),
('30', '1', '54', '2016-01-06'),
('31', '2', '55', '2016-01-06'),
('32', '1', '56', '2016-01-06'),
('33', '1', '57', '2016-01-06'),
('34', '1', '58', '2016-01-06'),
('35', '1', '59', '2016-01-06'),
('36', '1', '60', '2016-01-06'),
('37', '2', '61', '2016-01-06'),
('38', '1', '62', '2016-01-06'),
('39', '1', '63', '2016-01-06'),
('40', '1', '64', '2016-01-06'),
('41', '2', '65', '2016-01-06'),
('42', '1', '66', '2016-01-06'),
('43', '1', '67', '2016-01-06'),
('44', '2', '68', '2016-01-06'),
('45', '1', '69', '2016-01-06'),
('46', '1', '70', '2016-01-06'),
('47', '2', '71', '2016-01-06'),
('48', '2', '72', '2016-01-06'),
('49', '1', '73', '2016-01-06'),
('50', '1', '74', '2016-01-06'),
('51', '1', '75', '2016-01-06'),
('52', '1', '76', '2016-01-06'),
('53', '1', '77', '2016-01-06'),
('54', '1', '78', '2016-01-06'),
('55', '1', '79', '2016-01-06'),
('56', '1', '80', '2016-01-06'),
('57', '1', '81', '2016-01-06'),
('58', '2', '82', '2016-01-06'),
('59', '1', '83', '2016-01-06'),
('60', '1', '84', '2016-01-06'),
('61', '1', '85', '2016-01-06'),
('62', '2', '86', '2016-01-06'),
('63', '1', '87', '2016-01-06'),
('64', '2', '88', '2016-01-06'),
('65', '2', '89', '2016-01-06'),
('66', '1', '90', '2016-01-06'),
('67', '1', '91', '2016-01-06'),
('68', '1', '92', '2016-01-06'),
('69', '1', '93', '2016-01-06'),
('70', '2', '94', '2016-01-06'),
('71', '1', '95', '2016-01-06'),
('72', '1', '96', '2016-01-06'),
('73', '1', '97', '2016-01-06'),
('74', '2', '98', '2016-01-06'),
('75', '2', '99', '2016-01-06'),
('76', '1', '100', '2016-01-06'),
('77', '1', '101', '2016-01-06'),
('78', '1', '102', '2016-01-06'),
('79', '1', '103', '2016-01-06'),
('80', '1', '104', '2016-01-06'),
('81', '1', '105', '2016-01-06'),
('82', '2', '106', '2016-01-06'),
('83', '1', '107', '2016-01-06'),
('84', '1', '108', '2016-01-06'),
('85', '1', '109', '2016-01-06'),
('86', '1', '110', '2016-01-06'),
('87', '1', '111', '2016-01-06'),
('88', '1', '112', '2016-01-06'),
('89', '2', '113', '2016-01-06'),
('90', '1', '114', '2016-01-06'),
('91', '1', '115', '2016-01-06'),
('92', '1', '116', '2016-01-06'),
('93', '2', '117', '2016-01-06'),
('94', '1', '118', '2016-01-06'),
('95', '1', '119', '2016-01-06'),
('96', '1', '120', '2016-01-06'),
('97', '2', '121', '2016-01-06'),
('98', '1', '122', '2016-01-06'),
('99', '1', '123', '2016-01-06'),
('100', '1', '124', '2016-01-06'),
('101', '1', '125', '2016-01-06'),
('102', '1', '126', '2016-01-06');

CREATE TABLE `book` (
   `book_id` int(11) not null auto_increment,
   `name` longtext not null,
   `description` longtext not null,
   `author` longtext not null,
   `class_id` longtext not null,
   `status` longtext not null,
   `price` longtext not null,
   PRIMARY KEY (`book_id`)
) ENGINE=InnoDB DEFAULT CHARSET=utf8 AUTO_INCREMENT=3;

INSERT INTO `book` (`book_id`, `name`, `description`, `author`, `class_id`, `status`, `price`) VALUES 
('2', 'Mathematics calculations', 'All basic maths calculations', 'Aryabhatta', '3', 'available', '350');

CREATE TABLE `ci_sessions` (
   `id` varchar(40) not null,
   `ip_address` varchar(45) not null,
   `timestamp` int(10) unsigned not null default '0',
   `data` blob not null,
   PRIMARY KEY (`id`),
   KEY `ci_sessions_timestamp` (`timestamp`)
) ENGINE=InnoDB DEFAULT CHARSET=utf8;

INSERT INTO `ci_sessions` (`id`, `ip_address`, `timestamp`, `data`) VALUES 
('0064c1ac60483068271a79f97f54addc83d23b6d', '127.0.0.1', '1548144829', '__ci_last_regenerate|i:1548144612;admin_login|s:1:\"1\";admin_id|s:1:\"1\";login_user_id|s:1:\"1\";name|s:9:\"Mr. Admin\";login_type|s:5:\"admin\";'),
('05cf2aaf99102e3f1c03c0e8366e24ecbea955a2', '127.0.0.1', '1548128174', '__ci_last_regenerate|i:1548127987;admin_login|s:1:\"1\";admin_id|s:1:\"1\";login_user_id|s:1:\"1\";name|s:9:\"Mr. Admin\";login_type|s:5:\"admin\";'),
('22a6d1782b5928b3ddc7b18399ef778e7ad3311b', '127.0.0.1', '1548091472', '__ci_last_regenerate|i:1548091366;admin_login|s:1:\"1\";admin_id|s:1:\"1\";login_user_id|s:1:\"1\";name|s:9:\"Mr. Admin\";login_type|s:5:\"admin\";'),
('22dd8d07986d98cb20f563d8f2b659d093e15a1f', '127.0.0.1', '1548131358', '__ci_last_regenerate|i:1548131078;admin_login|s:1:\"1\";admin_id|s:1:\"1\";login_user_id|s:1:\"1\";name|s:9:\"Mr. Admin\";login_type|s:5:\"admin\";'),
('252f5ac40055561eace754d0eff7f4c144ad4e41', '127.0.0.1', '1452504059', '__ci_last_regenerate|i:1452503766;admin_login|s:1:\"1\";admin_id|s:1:\"1\";login_user_id|s:1:\"1\";name|s:9:\"Mr. Admin\";login_type|s:5:\"admin\";'),
('2c85c00c7b58f26b2b4d19ab833e4ac3391631de', '127.0.0.1', '1547725340', '__ci_last_regenerate|i:1547725340;'),
('2dfaf75ac8babaadd9fd48cabbb9a35cf6097127', '127.0.0.1', '1452124503', '__ci_last_regenerate|i:1452124503;'),
('310d692ca964432c41034858e174d7e521088622', '127.0.0.1', '1548090843', '__ci_last_regenerate|i:1548090688;admin_login|s:1:\"1\";admin_id|s:1:\"1\";login_user_id|s:1:\"1\";name|s:9:\"Mr. Admin\";login_type|s:5:\"admin\";'),
('33885c2d042e9326bada1ee6c0d4e801353ffc73', '127.0.0.1', '1548138397', '__ci_last_regenerate|i:1548138385;admin_login|s:1:\"1\";admin_id|s:1:\"1\";login_user_id|s:1:\"1\";name|s:9:\"Mr. Admin\";login_type|s:5:\"admin\";'),
('34026ac24702e657d445cf4e290915934a60e7ab', '127.0.0.1', '1548132630', '__ci_last_regenerate|i:1548132345;admin_login|s:1:\"1\";admin_id|s:1:\"1\";login_user_id|s:1:\"1\";name|s:9:\"Mr. Admin\";login_type|s:5:\"admin\";'),
('38ff4a4f67feea8ba4db0ada3d471b7107aba8e3', '127.0.0.1', '1548129711', '__ci_last_regenerate|i:1548129357;admin_login|s:1:\"1\";admin_id|s:1:\"1\";login_user_id|s:1:\"1\";name|s:9:\"Mr. Admin\";login_type|s:5:\"admin\";'),
('6110ad038713a805e86d2454428cbb872746150d', '127.0.0.1', '1452503742', '__ci_last_regenerate|i:1452502322;admin_login|s:1:\"1\";admin_id|s:1:\"1\";login_user_id|s:1:\"1\";name|s:9:\"Mr. Admin\";login_type|s:5:\"admin\";'),
('7ae237ad44e2652bea6df0b3be11c0b07357130c', '127.0.0.1', '1452502264', '__ci_last_regenerate|i:1452501906;admin_login|s:1:\"1\";admin_id|s:1:\"1\";login_user_id|s:1:\"1\";name|s:9:\"Mr. Admin\";login_type|s:5:\"admin\";'),
('87b68f63554a30d57dbc2fb7b4ae42f503ee7217', '127.0.0.1', '1548129984', '__ci_last_regenerate|i:1548129727;admin_login|s:1:\"1\";admin_id|s:1:\"1\";login_user_id|s:1:\"1\";name|s:9:\"Mr. Admin\";login_type|s:5:\"admin\";'),
('897a00845a8c9e180d821c16c2a1ba53033095fb', '127.0.0.1', '1548130215', '__ci_last_regenerate|i:1548130092;admin_login|s:1:\"1\";admin_id|s:1:\"1\";login_user_id|s:1:\"1\";name|s:9:\"Mr. Admin\";login_type|s:5:\"admin\";flash_message|s:12:\"Data Deleted\";__ci_vars|a:1:{s:13:\"flash_message\";s:3:\"old\";}'),
('997f2b6ffc8341fa7490da7fb54405ed97722cb6', '127.0.0.1', '1548131067', '__ci_last_regenerate|i:1548130698;admin_login|s:1:\"1\";admin_id|s:1:\"1\";login_user_id|s:1:\"1\";name|s:9:\"Mr. Admin\";login_type|s:5:\"admin\";'),
('999ebdae0ace0a34f5ad97d01191bd1d209f464b', '127.0.0.1', '1548131705', '__ci_last_regenerate|i:1548131411;admin_login|s:1:\"1\";admin_id|s:1:\"1\";login_user_id|s:1:\"1\";name|s:9:\"Mr. Admin\";login_type|s:5:\"admin\";'),
('a4d798b1077a8eb998d0efc8f03874cf7c602cba', '127.0.0.1', '1548132887', '__ci_last_regenerate|i:1548132685;admin_login|s:1:\"1\";admin_id|s:1:\"1\";login_user_id|s:1:\"1\";name|s:9:\"Mr. Admin\";login_type|s:5:\"admin\";flash_message|s:12:\"Data Updated\";__ci_vars|a:1:{s:13:\"flash_message\";s:3:\"old\";}'),
('a83215af7d0f2616a9e95e05e60fcfe50b0a88fd', '127.0.0.1', '1548145284', '__ci_last_regenerate|i:1548145039;admin_login|s:1:\"1\";admin_id|s:1:\"1\";login_user_id|s:1:\"1\";name|s:9:\"Mr. Admin\";login_type|s:5:\"admin\";'),
('ad00e4fa6b9b87860ef063f43daeeff5bc9ecac3', '127.0.0.1', '1452504905', '__ci_last_regenerate|i:1452504905;'),
('b1ccf4638a0a9a76a384bd7283c773e5e58a4454', '127.0.0.1', '1452089388', '__ci_last_regenerate|i:1452089388;'),
('b4b2455eb5f8e6ad7b92df724548e5b9f69c394a', '127.0.0.1', '1548132277', '__ci_last_regenerate|i:1548131982;admin_login|s:1:\"1\";admin_id|s:1:\"1\";login_user_id|s:1:\"1\";name|s:9:\"Mr. Admin\";login_type|s:5:\"admin\";'),
('c7b5d42d9a85ec263fda740d3c85bc7e0ab6b262', '127.0.0.1', '1452501761', '__ci_last_regenerate|i:1452501464;admin_login|s:1:\"1\";admin_id|s:1:\"1\";login_user_id|s:1:\"1\";name|s:9:\"Mr. Admin\";login_type|s:5:\"admin\";'),
('d0af12e43816810f52cb60a34674d53046ba9643', '127.0.0.1', '1548129179', '__ci_last_regenerate|i:1548128916;admin_login|s:1:\"1\";admin_id|s:1:\"1\";login_user_id|s:1:\"1\";name|s:9:\"Mr. Admin\";login_type|s:5:\"admin\";'),
('e1bdf599198b74170a17b92b343a383b4fc6e114', '127.0.0.1', '1548144518', '__ci_last_regenerate|i:1548144268;admin_login|s:1:\"1\";admin_id|s:1:\"1\";login_user_id|s:1:\"1\";name|s:9:\"Mr. Admin\";login_type|s:5:\"admin\";'),
('fe1f604d68021e54ecec6d3e3d402bc6de3c3f90', '127.0.0.1', '1548128796', '__ci_last_regenerate|i:1548128376;admin_login|s:1:\"1\";admin_id|s:1:\"1\";login_user_id|s:1:\"1\";name|s:9:\"Mr. Admin\";login_type|s:5:\"admin\";'),
('fe2812fe9f6ace32b596ad7238688442109be813', '127.0.0.1', '1548091112', '__ci_last_regenerate|i:1548091042;admin_login|s:1:\"1\";admin_id|s:1:\"1\";login_user_id|s:1:\"1\";name|s:9:\"Mr. Admin\";login_type|s:5:\"admin\";');

CREATE TABLE `class` (
   `class_id` int(11) not null auto_increment,
   `name` longtext not null,
   `name_numeric` longtext not null,
   `teacher_id` int(11) not null,
   PRIMARY KEY (`class_id`)
) ENGINE=InnoDB DEFAULT CHARSET=utf8 AUTO_INCREMENT=5;

INSERT INTO `class` (`class_id`, `name`, `name_numeric`, `teacher_id`) VALUES 
('1', 'Nursery', 'N', '1'),
('2', 'KG', 'k', '2'),
('3', 'First', '1', '1'),
('4', 'Second', '2', '2');

CREATE TABLE `class_routine` (
   `class_routine_id` int(11) not null auto_increment,
   `class_id` int(11) not null,
   `subject_id` int(11) not null,
   `time_start` int(11) not null,
   `time_end` int(11) not null,
   `time_start_min` int(11) not null,
   `time_end_min` int(11) not null,
   `day` longtext not null,
   PRIMARY KEY (`class_routine_id`)
) ENGINE=InnoDB DEFAULT CHARSET=utf8 AUTO_INCREMENT=20;

INSERT INTO `class_routine` (`class_routine_id`, `class_id`, `subject_id`, `time_start`, `time_end`, `time_start_min`, `time_end_min`, `day`) VALUES 
('1', '1', '1', '10', '11', '30', '30', 'monday'),
('2', '1', '2', '11', '12', '30', '30', 'monday'),
('3', '1', '3', '13', '14', '0', '0', 'monday'),
('4', '1', '1', '10', '11', '30', '30', 'tuesday'),
('5', '1', '2', '11', '12', '30', '30', 'tuesday'),
('6', '1', '1', '10', '11', '30', '30', 'wednesday'),
('7', '1', '1', '10', '11', '30', '30', 'thursday'),
('8', '1', '1', '10', '11', '30', '30', 'friday'),
('9', '1', '1', '8', '8', '0', '45', 'saturday'),
('10', '1', '2', '11', '12', '30', '30', 'wednesday'),
('11', '1', '2', '11', '12', '30', '30', 'thursday'),
('12', '1', '2', '11', '12', '30', '30', 'friday'),
('13', '1', '2', '8', '9', '45', '30', 'saturday'),
('14', '1', '3', '13', '14', '0', '0', 'tuesday'),
('15', '1', '3', '13', '14', '0', '0', 'wednesday'),
('16', '1', '3', '13', '14', '0', '0', 'thursday'),
('17', '1', '3', '13', '14', '0', '0', 'friday'),
('18', '1', '3', '10', '11', '0', '0', 'saturday'),
('19', '2', '4', '10', '11', '30', '30', 'monday');

CREATE TABLE `document` (
   `document_id` int(11) not null auto_increment,
   `title` longtext not null,
   `description` longtext not null,
   `file_name` longtext not null,
   `file_type` longtext not null,
   `class_id` longtext not null,
   `teacher_id` int(11) not null,
   `timestamp` longtext not null,
   PRIMARY KEY (`document_id`)
) ENGINE=MyISAM DEFAULT CHARSET=utf8 AUTO_INCREMENT=3;

INSERT INTO `document` (`document_id`, `title`, `description`, `file_name`, `file_type`, `class_id`, `teacher_id`, `timestamp`) VALUES 
('1', 'ASP .Net Course Content', 'All details about course content in ASP.net', 'ASPNet.pdf', 'pdf', '3', '0', '1451948400'),
('2', 'C course content', 'Details about C language course content', 'CLanguage.pdf', 'pdf', '1', '0', '1451948400');

CREATE TABLE `dormitory` (
   `dormitory_id` int(11) not null auto_increment,
   `name` longtext not null,
   `number_of_room` longtext not null,
   `description` longtext not null,
   PRIMARY KEY (`dormitory_id`)
) ENGINE=MyISAM DEFAULT CHARSET=utf8 AUTO_INCREMENT=3;

INSERT INTO `dormitory` (`dormitory_id`, `name`, `number_of_room`, `description`) VALUES 
('1', 'Hostel Wing A', '15', 'Single Room'),
('2', 'Hostel Wing B', '25', 'Double Room');

CREATE TABLE `exam` (
   `exam_id` int(11) not null auto_increment,
   `name` longtext not null,
   `date` longtext not null,
   `comment` longtext not null,
   PRIMARY KEY (`exam_id`)
) ENGINE=InnoDB DEFAULT CHARSET=utf8 AUTO_INCREMENT=7;

INSERT INTO `exam` (`exam_id`, `name`, `date`, `comment`) VALUES 
('1', 'Unit Test 1', '08/01/2015', 'UT1'),
('2', 'Unit Test 2', '09/01/2015', 'UT2'),
('3', 'Mid Term 1', '11/01/2015', 'T1'),
('4', 'Unit Test 3', '01/01/2016', 'UT3'),
('5', 'Unit Test 3', '02/01/2016', 'UT3'),
('6', 'Final Term 2', '04/01/2016', 'T2');

CREATE TABLE `expense_category` (
   `expense_category_id` int(11) not null auto_increment,
   `name` longtext not null,
   PRIMARY KEY (`expense_category_id`)
) ENGINE=InnoDB DEFAULT CHARSET=utf8 AUTO_INCREMENT=6;

INSERT INTO `expense_category` (`expense_category_id`, `name`) VALUES 
('1', 'Teacher Salary'),
('2', 'Classroom Equipments'),
('3', 'Classroom Decorations'),
('4', 'Inventory Purchase'),
('5', 'Exam Accessories');

CREATE TABLE `grade` (
   `grade_id` int(11) not null auto_increment,
   `name` longtext not null,
   `grade_point` longtext not null,
   `mark_from` int(11) not null,
   `mark_upto` int(11) not null,
   `comment` longtext not null,
   PRIMARY KEY (`grade_id`)
) ENGINE=InnoDB DEFAULT CHARSET=utf8 AUTO_INCREMENT=6;

INSERT INTO `grade` (`grade_id`, `name`, `grade_point`, `mark_from`, `mark_upto`, `comment`) VALUES 
('1', 'A+', '100', '76', '100', 'Distinction Marks'),
('2', 'A', '80', '61', '75', 'First'),
('3', 'B+', '60', '46', '60', 'Second'),
('4', 'B', '40', '35', '45', 'Third'),
('5', 'F', '0', '0', '34', 'Fail');

CREATE TABLE `invoice` (
   `invoice_id` int(11) not null auto_increment,
   `student_id` int(11) not null,
   `title` longtext not null,
   `description` longtext not null,
   `amount` int(11) not null,
   `amount_paid` longtext not null,
   `due` longtext not null,
   `creation_timestamp` int(11) not null,
   `payment_timestamp` longtext not null,
   `payment_method` longtext not null,
   `payment_details` longtext not null,
   `status` longtext not null,
   PRIMARY KEY (`invoice_id`)
) ENGINE=MyISAM DEFAULT CHARSET=utf8 AUTO_INCREMENT=2;

INSERT INTO `invoice` (`invoice_id`, `student_id`, `title`, `description`, `amount`, `amount_paid`, `due`, `creation_timestamp`, `payment_timestamp`, `payment_method`, `payment_details`, `status`) VALUES 
('1', '6', 'Books Invoice', '5 text books taken', '500', '400', '100', '1451862000', '', '', '', 'unpaid');

CREATE TABLE `language` (
   `phrase_id` int(11) not null auto_increment,
   `phrase` longtext not null,
   `english` longtext not null,
   `bengali` longtext not null,
   `spanish` longtext not null,
   `arabic` longtext not null,
   `dutch` longtext not null,
   `russian` longtext not null,
   `chinese` longtext not null,
   `turkish` longtext not null,
   `portuguese` longtext not null,
   `hungarian` longtext not null,
   `french` longtext not null,
   `greek` longtext not null,
   `german` longtext not null,
   `italian` longtext not null,
   `thai` longtext not null,
   `urdu` longtext not null,
   `hindi` longtext not null,
   `latin` longtext not null,
   `indonesian` longtext not null,
   `japanese` longtext not null,
   `korean` longtext not null,
   PRIMARY KEY (`phrase_id`)
) ENGINE=MyISAM DEFAULT CHARSET=utf8 AUTO_INCREMENT=432;

INSERT INTO `language` (`phrase_id`, `phrase`, `english`, `bengali`, `spanish`, `arabic`, `dutch`, `russian`, `chinese`, `turkish`, `portuguese`, `hungarian`, `french`, `greek`, `german`, `italian`, `thai`, `urdu`, `hindi`, `latin`, `indonesian`, `japanese`, `korean`) VALUES 
('1', 'login', 'login', '????', 'login', '????', 'login', '?????', '??', 'giris', 'login', 'bejelentkezés', 'Connexion', 's??des?', 'Login', 'login', '???????????', '??? ??', '?????', 'login', 0x6c6f67696e, '????', '???'),
('2', 'account_type', 'account type', '?????????? ????', 'tipo de cuenta', '??? ??????', 'type account', '??? ?????', '????', 'hesap türü', 'tipo de conta', 'fiók típusát', 'Type de compte', 't?? t?p? t?? ???a??asµ??', 'Kontotyp', 'tipo di account', '???????????', '?????? ?? ???', '???? ??????', 'propter speciem', 0x4a656e697320616b756e, '?????', '?? ??'),
('3', 'admin', 'admin', '????????', 'administración', '????', 'admin', '?????', '??', 'yönetim', 'administrador', 'admin', 'administrateur', 't? admin', 'Admin', 'Admin', '???????????', '?????', '???????', 'Lorem ipsum dolor sit', 0x61646d696e, '???', '???'),
('4', 'teacher', 'teacher', '??????', 'profesor', '????', 'leraar', '???????', '??', 'ögretmen', 'professor', 'tanár', 'professeur', 'd?s?a???', 'Lehrer', 'insegnante', '???', '?????', '??????', 'Magister', 0x67757275, '??', '??'),
('5', 'student', 'student', '?????', 'estudiante', '????', 'student', '???????', '??', 'ögrenci', 'estudante', 'diák', 'étudiant', 'f??t?t??', 'Schüler', 'studente', '????????', '???? ???', '?????', 'discipulo', 0x6d6168617369737761, '??', '??'),
('6', 'parent', 'parent', '???? ?? ????', 'padre', '???', 'ouder', '????????', '?', 'ebeveyn', 'parente', 'szülo', 'mère', 'µ?t???? eta??e?a', 'Elternteil', 'genitore', '?????????', '??????', '???? - ????', 'parente', 0x696e64756b, '?', '???'),
('7', 'email', 'email', '?????', 'email', '?????? ??????????', 'e-mail', '?? ??????????? ?????', '????', 'E-posta', 'e-mail', 'E-mail', 'email', 'e-mail', 'E-Mail-', 'e-mail', '??????', '?? ???', '????', 'email', 0x656d61696c, '???', '???'),
('8', 'password', 'password', '??????????', 'contraseña', '???? ????', 'wachtwoord', '??????', '??', 'sifre', 'senha', 'jelszó', 'mot de passe', 't?? ??d???', 'Passwort', 'password', '????????', '???', '???????', 'Signum', 0x6b6174612073616e6469, '?????', '??'),
('9', 'forgot_password ?', 'forgot password ?', '?????????? ???? ??????', '¿Olvidó su contraseña?', '???? ???? ???????', 'wachtwoord vergeten?', '?????? ???????', '?????', 'Sifremi unuttum?', 'Esqueceu a senha?', 'Elfelejtett jelszó?', 'Mot de passe oublié?', '?e??sate t?? ??d???;', 'Passwort vergessen?', 'dimenticato la password?', '???????????', '??? ??? ???? ????', '???? ????????? ????', 'oblitus esne verbi?', 0x6c7570612070617373776f72643f, '??????????', '????? ?? ????'),
('10', 'reset_password', 'reset password', '?????????? ?????', 'restablecer la contraseña', '????? ????? ???? ??????', 'reset wachtwoord', '???????? ??????', '????', 'sifrenizi sifirlamak', 'redefinir a senha', 'Jelszó visszaállítása', 'réinitialiser le mot de passe', 'epa?af??ete t?? ??d??? p??sßas??', 'Kennwort zurücksetzen', 'reimpostare la password', '???????????????', '??? ??? ?? ???', '??????? ?????', 'Duis adipiscing', 0x72657365742070617373776f7264, '???????????', '??? ???'),
('11', 'reset', 'reset', '????? ????', 'reajustar', '????? ?????', 'reset', '?????', '??', 'ayarlamak', 'restabelecer', 'vissza', 'remettre', 'epa?af???', 'rücksetzen', 'reset', '????????', '?? ???', '????? ????', 'Duis', 0x756c616e67, '????', '???'),
('12', 'admin_dashboard', 'admin dashboard', '???????? ??????????', 'administrador salpicadero', '?????? ??? ???????', 'admin dashboard', '????? ??????', '????', 'Admin paneli', 'Admin Dashboard', 'admin muszerfal', 'administrateur tableau de bord', 'p??a?a e?????? t?? d?a?e???st?', 'Admin-Dashboard', 'Admin Dashboard', '???????????????????????', '????? ??? ????', '?????????? ????????', 'Lorem ipsum dolor sit Dashboard', 0x61646d696e2064617368626f617264, '?????????', '??? ?? ??'),
('13', 'account', 'account', '?????', 'cuenta', '????', 'rekening', '????', '??', 'hesap', 'conta', 'számla', 'compte', '???a??asµ??', 'Konto', 'conto', '?????', '??????', '????', 'propter', 0x72656b656e696e67, '?????', '??'),
('14', 'profile', 'profile', '??????', 'perfil', '???', 'profiel', '???????', '??', 'profil', 'perfil', 'profil', 'profil', 'p??f??', 'Profil', 'profilo', '???????', '???????', '???????', 'profile', 0x70726f66696c, '??????', '???'),
('15', 'change_password', 'change password', '?????????? ????????', 'cambiar la contraseña', '????? ???? ??????', 'wachtwoord wijzigen', '???????? ??????', '????', 'sifresini degistirmek', 'alterar a senha', 'jelszó megváltoztatása', 'changer le mot de passe', 'a????ete t?? ??d??? p??sßas??', 'Kennwort ändern', 'cambiare la password', '???????????????', '??? ??? ?????', '??????? ?????????', 'mutare password', 0x6d656e67756261682070617373776f7264, '??????????', '??? ??'),
('16', 'logout', 'logout', '?? ???', 'logout', '????? ??????', 'logout', '?????', '??', 'logout', 'Sair', 'logout', 'Déconnexion', 'ap?s??des?', 'logout', 'Esci', '??????????', '??? ??? ????', '??????', 'logout', 0x6c6f676f7574, '?????', '?? ??'),
('17', 'panel', 'panel', '???????', 'panel', '????', 'paneel', '??????', '??', 'panel', 'painel', 'bizottság', 'panneau', 'p??a?a?', 'Platte', 'pannello', '??????????', '????', '????', 'panel', 0x70616e656c, '???', '??'),
('18', 'dashboard_help', 'dashboard help', '?????????? ???????', 'salpicadero ayuda', '???? ??????? ??????', 'dashboard hulp', '????????? ?????? ??????', '?????', 'pano yardim', 'dashboard ajuda', 'muszerfal help', 'tableau de bord aide', 'taµp?? ß???e?a', 'Dashboard-Hilfe', 'dashboard aiuto', '??????????????????????', '??? ???? ???', '???????? ???', 'Dashboard auxilium', 0x64617368626f6172642062616e7475616e, '??????????', '?? ?? ???'),
('19', 'dashboard', 'dashboard', '??????????', 'salpicadero', '???? ???????', 'dashboard', '????????? ??????', '???', 'gösterge paneli', 'painel de instrumentos', 'muszerfal', 'tableau de bord', 'taµp??', 'Armaturenbrett', 'cruscotto', '???????', '??? ????', '????????', 'Dashboard', 0x646173626f72, '???????', '???'),
('20', 'student_help', 'student help', '??????????? ???????', 'ayuda estudiantil', '?????? ??????', 'student hulp', '??????? ??????', '?????', 'Ögrenci yardim', 'ajuda estudante', 'diák segítségével', 'aide aux étudiants', 'f??t?t?? ß???e?a', 'Schüler-Hilfe', 'help studente', '?????????????????', '???? ??? ?? ???', '????? ???', 'Discipulus auxilium', 0x6d656d62616e7475207369737761, '??????', '?? ???'),
('21', 'teacher_help', 'teacher help', '?????? ???????', 'ayuda del maestro', '?????? ??????', 'leraar hulp', '??????? ??????', '?????', 'ögretmen yardim', 'ajuda de professores', 'tanár segítségével', 'aide de l\'enseignant', 'ß???e?a t?? e?pa?de?t????', 'Lehrer-Hilfe', 'aiuto dell\'insegnante', '????????????', '????? ?? ???', '?????? ???', 'doctor auxilium', 0x62616e7475616e2067757275, '??????', '??? ??'),
('22', 'subject_help', 'subject help', '????? ???????', 'ayuda sujeto', '?????? ???????', 'Onderwerp hulp', '????????? ??????', '????', 'konusu yardim', 'ajuda assunto', 'tárgy segítségével', 'l\'objet de l\'aide', '?p??e??ta? ß???e?a', 'Thema Hilfe', 'Aiuto Subject', '???????????????????', '????? ???', '???? ???', 'agitur salus', 0x62616e7475616e207375626a656b, '?????', '?? ??'),
('23', 'subject', 'subject', '?????', 'sujeto', '?????', 'onderwerp', '????', '??', 'konu', 'assunto', 'tárgy', 'sujet', '??µa', 'Thema', 'soggetto', '??????', '?????', '????', 'agitur', 0x73756279656b, '???', '??'),
('24', 'class_help', 'class help', '???? ???????', 'clase de ayuda', '?????? ??????', 'klasse hulp', '????? ??????', '????', 'sinif yardim', 'classe ajuda', 'osztály segítségével', 'aide de la classe', '?at?????a ß???e?a', 'Klasse Hilfe', 'help classe', '????????????????????????', '???? ???', '????? ???', 'genus auxilii', 0x6b656c61732062616e7475616e, '???????', '??? ??'),
('25', 'class', 'class', '????', 'clase', '???', 'klasse', '?????', '?', 'sinif', 'classe', 'osztály', 'classe', '?at?????a', 'Klasse', 'classe', '????', '????', '????', 'class', 0x6b656c6173, '???', '???'),
('26', 'exam_help', 'exam help', '????????? ???????', 'ayuda examen', '?????? ??????', 'examen hulp', '??????? ??????', '????', 'sinav yardim', 'exame ajuda', 'vizsga help', 'aide à l\'examen', 'e?et?se?? ß???e?a', 'Prüfung Hilfe', 'esame di guida', '???????????????????', '?????? ???', '??????? ???', 'ipsum Auxilium', 0x756a69616e2062616e7475616e, '?????', '??? ??'),
('27', 'exam', 'exam', '???????', 'examen', '??????', 'tentamen', '???????', '??', 'sinav', 'exame', 'vizsgálat', 'exam', 'e??tas?', 'Prüfung', 'esame', '??????', '??????', '???????', 'Lorem ipsum', 0x756a69616e, '??', '??'),
('28', 'marks_help', 'marks help', '????? ???????', 'marcas ayudan', '?????? ??????', 'markeringen helpen', '????? ????????', '????', 'isaretleri yardim', 'marcas ajudar', 'jelek segítenek', 'marques aident', 's?µata ß????se?', 'Markierungen helfen', 'segni aiutano', '???????????????', '???? ???', '????? ???', 'notas auxilio', 0x74616e6461206d656d62616e7475, '???????', '??? ? ???'),
('29', 'marks-attendance', 'marks-attendance', '?????-?????????', 'marcas-asistencia', '??????-??????', 'merken-deelname', '?????-????????????', '????', 'isaretleri-katilim', 'marcas de comparecimento', 'jelek-ellátás', 'marques-participation', 's?µata p??s??e?s?', 'Marken-Teilnahme', 'marchi-presenze', '??????????????????????', '???? ?????', '????? ????????', 'signa eius ministrabant,', 0x74616e64612d70657274656d75616e, '???·??', '?? ??'),
('30', 'grade_help', 'grade help', '????? ???????', 'ayuda de grado', '?????? ????', 'leerjaar hulp', '?????? ??????', '???', 'sinif yardim', 'ajuda grau', 'fokozat help', 'aide de qualité', 'ßa?µ?? ß???e?a', 'Grade-Hilfe', 'aiuto grade', '?????????????', '???? ???', '????? ???', 'gradus ope', 0x6b656c61732062616e7475616e, '????????', '? ??'),
('31', 'exam-grade', 'exam-grade', '???????? ??????', 'examen de grado', '?????? ????', 'examen-grade', '??????? ??????', '????', 'sinav notu', 'exame de grau', 'vizsga-grade', 'examen de qualité', 'e?et?se?? p???t?ta?', 'Prüfung-Grade', 'esami-grade', '???????', '?????? ????', '??????? ?????', 'ipsum turpis,', 0x756a69616e2d6772616465, '??????', '?? ??'),
('32', 'class_routine_help', 'class routine help', '??????? ????? ???????', 'clase ayuda rutina', '?????? ?????? ???????', 'klasroutine hulp', '????? ?????? ??????', '?????', 'sinif rutin yardim', 'classe ajuda rotina', 'osztály rutin segít', 'classe aide routine', '?at?????a ???t??a? ß???e?a', 'Klasse Routine Hilfe', 'Classe aiuto di routine', '?????????????????????????', '???? ????? ???', '???? ???????? ???', 'uno genere auxilium', 0x6b656c61732062616e7475616e20727574696e, '???????????', '??? ?? ??'),
('33', 'class_routine', 'class routine', '??????? ?????', 'rutina de la clase', '??? ?????????', 'klasroutine', '????? ???????????', '???', 'sinif rutin', 'rotina classe', 'osztály rutin', 'routine de classe', '?at?????a ???t??a', 'Klasse Routine', 'classe di routine', '?????????', '???? ?????', '???? ????????', 'in genere uno,', 0x727574696e206b656c6173, '???·????', '??? ??'),
('34', 'invoice_help', 'invoice help', '????? ???????', 'ayuda factura', '?????? ????????', 'factuur hulp', '????-??????? ??????', '????', 'fatura yardim', 'ajuda factura', 'számla segítségével', 'aide facture', 't?µ?????? ß???e?a', 'Rechnungs Hilfe', 'help fattura', '???????????????????', '?????? ???', '????? ??????', 'auxilium cautionem', 0x62616e7475616e2066616b747572, '??????', '?? ??'),
('35', 'payment', 'payment', '??????', 'pago', '???', 'betaling', '??????', '??', 'ödeme', 'pagamento', 'fizetés', 'paiement', 'p????µ?', 'Zahlung', 'pagamento', '???????????', '???????', '??????', 'pecunia', 0x70656d6261796172616e, '???', '??'),
('36', 'book_help', 'book help', '?????? ???????', 'libro de ayuda', '???? ????????', 'boek hulp', '????? ??????', '????', 'kitap yardimi', 'livro ajuda', 'könyv segít', 'livre aide', 'ß???e?a t?? ß?ß????', 'Buch-Hilfe', 'della guida', '????????????????', '???? ???', '?????? ???', 'auxilium libro,', 0x42756b752062616e7475616e, '???????', '? ???'),
('37', 'library', 'library', '?????????', 'biblioteca', '?????', 'bibliotheek', '??????????', '??', 'kütüphane', 'biblioteca', 'könyvtár', 'bibliothèque', 'ß?ß???????', 'Bibliothek', 'biblioteca', '????????', '????????', '?????????', 'library', 0x70657270757374616b61616e, '???', '???'),
('38', 'transport_help', 'transport help', '????????? ???????', 'ayuda de transporte', '?????? ?????', 'vervoer help', '????????? ??????', '????', 'ulasim yardim', 'ajuda de transporte', 'szállítás Súgó', 'le transport de l\'aide', 'ß?????? t? µetaf???', 'Transport Hilfe', 'help trasporti', '?????????????????', '??? ? ??? ???', '?????? ???', 'auxilium onerariis', 0x7472616e73706f72746173692062616e7475616e, '??????', '?? ??'),
('39', 'transport', 'transport', '??????', 'transporte', '???', 'vervoer', '?????????', '??', 'tasima', 'transporte', 'szállítás', 'transport', 'µetaf???', 'Transport', 'trasporto', '????????', '??? ? ???', '??????', 'onerariis', 0x616e676b7574616e, '??', '??'),
('40', 'dormitory_help', 'dormitory help', '??????? ???????', 'dormitorio de ayuda', '???? ????????', 'slaapzaal hulp', '????????? ??????', '????', 'yatakhane yardim', 'dormitório ajuda', 'kollégiumi help', 'dortoir aide', '???t??a ß???e?a', 'Wohnheim Hilfe', 'dormitorio aiuto', '??????????????', '??????? ???', '????????? ???', 'dormitorium auxilium', 0x617372616d612062616e7475616e, '?????', '??? ???'),
('41', 'dormitory', 'dormitory', '?????? - ???????', 'dormitorio', '??????', 'slaapzaal', '???????', '??', 'yatakhane', 'dormitório', 'hálóterem', 'dortoir', '???t??a', 'Wohnheim', 'dormitorio', '?????', '???????', '?????????', 'dormitorium', 0x617372616d61206d6168617369737761, '?', '???'),
('42', 'noticeboard_help', 'noticeboard help', '?????????? ???????', 'tablón de anuncios de la ayuda', '??????? ??????', 'prikbord hulp', '????? ??? ?????????? ??????', '????', 'noticeboard yardim', 'avisos ajuda', 'üzenofalán help', 'panneau d\'aide', 'a?a?????se?? ß???e?a', 'Brett-Hilfe', 'bacheca aiuto', '???????????????????????', 'noticeboard ???', 'Noticeboard ???', 'auxilium noticeboard', 0x70656e67756d756d616e2062616e7475616e, '???????', '? noticeboard ???'),
('43', 'noticeboard-event', 'noticeboard-event', '??????????-??????', 'tablón de anuncios de eventos', '??????? ?????', 'prikbord-event', '????? ??? ??????????-???????', '?????', 'noticeboard olay', 'avisos de eventos', 'üzenofalán esemény', 'panneau d\'événement', 'a?a?????se?? e?d???s?', 'Brett-Ereignis', 'bacheca-evento', '??????????????????????', 'noticeboard ?????', 'Noticeboard ????', 'noticeboard eventus,', 0x70656e67756d756d616e2d6163617261, '???????', '? noticeboard ???'),
('44', 'bed_ward_help', 'bed ward help', '?????? ??????? ???????', 'cama ward ayuda', '???? ???? ????????', 'bed ward hulp', '??????? ?????????? ??????', '??????', 'yatak kogus yardim', 'ajuda cama enfermaria', 'ágy Ward help', 'lit salle de l\'aide', '??eß?t? pt????a ß???e?a', 'Betten-Station Hilfe', 'Letto reparto aiuto', '???????????????????', '???? ???? ???', '?????? ????? ???', 'lectum stans auxilium', 0x74696475722062616e6773616c2062616e7475616e, '?????????', '?? ?? ??'),
('45', 'settings', 'settings', '??????', 'configuración', '???????', 'instellingen', '?????????', '??', 'ayarlari', 'definições', 'beállítások', 'paramètres', '???µ?se??', 'Einstellungen', 'Impostazioni', '??????????', '???????', '????????', 'occasus', 0x50656e6761747572616e, '??', '??'),
('46', 'system_settings', 'system settings', '??????? ??????', 'configuración del sistema', '??????? ??????', 'systeeminstellingen', '????????? ???????', '????', 'sistem ayarlari', 'configurações do sistema', 'rendszerbeállításokat', 'les paramètres du système', '???µ?se?? t?? s?st?µat??', 'Systemeinstellungen', 'impostazioni di sistema', '??????????????', '???? ?? ???????', '??????? ????????', 'ratio occasus', 0x70656e6761747572616e2073697374656d, '??????', '??? ??'),
('47', 'manage_language', 'manage language', '???? ? ????????', 'gestionar idioma', '????? ?????', 'beheren taal', '????????? ????', '????', 'dil yönetmek', 'gerenciar língua', 'kezelni nyelv', 'gérer langue', 'd?a?e???s? ???ssa', 'verwalten Sprache', 'gestire lingua', '??????????', '???? ?? ??????', '???? ?? ???????', 'moderari linguam,', 0x6d656e67656c6f6c6120626168617361, '?????', '??? ??'),
('48', 'backup_restore', 'backup restore', '??????? ??????????', 'copia de seguridad a restaurar', '??????? ????? ?????????', 'backup terugzetten', '???????????? ?????????? ???????????', '????', 'yedekleme geri', 'de backup restaurar', 'Backup Restore', 'restauration de sauvegarde', 'epa?af???? a?t????f?? asfa?e?a?', 'Backup wiederherstellen', 'ripristino di backup', '??????????????????????', '??? ?? ????', '????? ????', 'tergum restituunt', 0x6261636b757020726573746f7265, '????????????', '?? ??'),
('49', 'profile_help', 'profile help', '??????? ????????', 'Perfil Ayuda', '??? ????????', 'profile hulp', '?????? ??????', '????', 'yardim profile', 'Perfil ajuda', 'profile help', 'profil aide', 'p??f?? ß???e?a', 'Profil Hilfe', 'profilo di aiuto', '????????????????????', '??? ???????', '???????? ???', 'Auctor nullam opem', 0x50726f66696c2062616e7475616e, '?????????', '?? ???'),
('50', 'manage_student', 'manage student', '?????????? ? ????????', 'gestionar estudiante', '????? ??????', 'beheren student', '????????? ????????', '????', 'ögrenci yönetmek', 'gerenciar estudante', 'kezelni diák', 'gérer étudiant', 'd?a?e???s? t?? f??t?t??', 'Schüler verwalten', 'gestire studente', '??????????????', '???? ??? ?? ??????', '????? ?? ???????', 'curo alumnorum', 0x6d656e67656c6f6c61207369737761, '?????', '?? ??'),
('51', 'manage_teacher', 'manage teacher', '?????? ? ????????', 'gestionar maestro', '????? ??????', 'beheren leraar', '????????? ???????', '????', 'ögretmen yönetmek', 'gerenciar professor', 'kezelni tanár', 'gérer enseignant', 'd?a?e???s? t?? e?pa?de?t????', 'Lehrer verwalten', 'gestire insegnante', '?????????', '???? ?? ??????', '?????? ?? ???????', 'magister curo', 0x6d656e67656c6f6c612067757275, '?????', '?? ??'),
('52', 'noticeboard', 'noticeboard', '??????????', 'tablón de anuncios', '???????', 'prikbord', '????? ??? ??????????', '??', 'noticeboard', 'quadro de avisos', 'üzenofalán', 'panneau d\'affichage', 'a?a?????se??', 'Brett', 'bacheca', '??????????', 'noticeboard', 'Noticeboard', 'noticeboard', 0x70656e67756d756d616e, '???', '? noticeboard'),
('53', 'language', 'language', '????', 'idioma', '???', 'taal', '????', '?', 'dil', 'língua', 'nyelv', 'langue', '???ssa', 'Sprache', 'lingua', '????', '????', '????', 'Lingua', 0x626168617361, '??', '??'),
('54', 'backup', 'backup', '???????', 'reserva', '???', 'reservekopie', '?????????', '??', 'yedek', 'backup', 'mentés', 'sauvegarde', 'efed?????', 'Sicherungskopie', 'di riserva', '??????????????', '??? ??', '?????', 'tergum', 0x6261636b7570, '??????', '??'),
('55', 'calendar_schedule', 'calendar schedule', '??????????? ????????', 'horario de calendario', '?????? ??????', 'kalender schema', '????????? ??????????', '????', 'takvim programi', 'agenda calendário', 'naptári ütemezés', 'calendrier calendrier', '?????d?a???µµat?? t?? ?µe????????', 'Kalender Zeitplan', 'programma di calendario', '??????????????????', '?????? ?????', '??????? ???????', 'kalendarium ipsum', 0x6a616477616c206b616c656e646572, '????????????', '??? ??'),
('56', 'select_a_class', 'select a class', '???? ?????? ????????', 'seleccionar una clase', '??? ???', 'selecteer een class', '???????? ?????', '?????', 'bir sinif seçin', 'selecionar uma classe', 'válasszon ki egy osztályt', 'sélectionner une classe', 'ep????te µ?a ?at?????a', 'Wählen Sie eine Klasse', 'selezionare una classe', '?????????', '??? ???? ????? ????', '?? ???? ?? ??? ????', 'eligere genus', 0x70696c6968206b656c6173, '??????', '???? ??'),
('57', 'student_list', 'student list', '??????????? ??????', 'lista de alumnos', '????? ??????', 'student lijst', '?????? ???????', '????', 'ögrenci listesi', 'lista de alunos', 'diák lista', 'liste des étudiants', '?at????? t?? f??t?t??', 'Schülerliste', 'elenco degli studenti', '???????????????', '???? ??? ?? ?????', '????? ????', 'Discipulus album', 0x646166746172206d6168617369737761, '??????', '?? ??'),
('58', 'add_student', 'add student', '????? ???', 'añadir estudiante', '????? ????', 'voeg student', '???????? ????????', '????', 'ögrenci eklemek', 'adicionar estudante', 'hozzá hallgató', 'ajouter étudiant', 'p??s??ste f??t?t??', 'Student hinzufügen', 'aggiungere studente', '?????????????', '???? ??? ????', '????? ????', 'adde elit', 0x6d656e616d6261686b616e206d6168617369737761, '?????', '??? ??'),
('59', 'roll', 'roll', '???', 'rollo', '???', 'broodje', '?????', '?', 'rulo', 'rolo', 'tekercs', 'rouleau', '????', 'Rolle', 'rotolo', '????', '???', '???', 'volumen', 0x67756c756e67616e, '???', '?'),
('60', 'photo', 'photo', '???', 'foto', '???', 'foto', '????', '??', 'fotograf', 'foto', 'fénykép', 'photo', 'f?t???af?a', 'Foto', 'foto', '???????', '?????', '?????', 'Lorem ipsum', 0x666f746f, '??', '??'),
('61', 'student_name', 'student name', '??????????? ???', 'Nombre del estudiante', '??? ??????', 'naam van de leerling', '??? ????????', '????', 'Ögrenci adi', 'nome do aluno', 'tanuló nevét', 'nom de l\'étudiant', 't? ???µa t?? µa??t?', 'Studentennamen', 'nome dello studente', '????????????', '???? ??? ?? ???', '????? ?? ???', 'ipsum est nomen', 0x6e616d61207369737761, '?????', '??? ??'),
('62', 'address', 'address', '??????', 'dirección', '?????', 'adres', '?????', '??', 'adres', 'endereço', 'cím', 'adresse', 'd?e????s?', 'Adresse', 'indirizzo', '???????', '??????', '???', 'Oratio', 0x616c616d6174, '????', '??'),
('63', 'options', 'options', '????', 'Opciones', '??????', 'opties', '?????', '??', 'seçenekleri', 'opções', 'lehetoségek', 'les options', '?p??????', 'Optionen', 'Opzioni', '????????', '????????', '??????', 'options', 0x50696c6968616e, '?????', '??'),
('64', 'marksheet', 'marksheet', 'marksheet', 'marksheet', 'marksheet', 'Marksheet', 'marksheet', 'marksheet', 'Marksheet', 'marksheet', 'Marksheet', 'relevé de notes', 'Marksheet', 'marksheet', 'Marksheet', 'marksheet', 'marksheet', '???????', 'marksheet', 0x6d61726b7368656574, 'marksheet', 'marksheet'),
('65', 'id_card', 'id card', '???? ?????', 'carnet de identidad', '????? ??????', 'id-kaart', '????????????? ????????', '???', 'kimlik karti', 'carteira de identidade', 'személyi igazolvány', 'carte d\'identité', 'id ???ta', 'Ausweis', 'carta d\'identità', '???????????', '?????? ????', '? ?? ?????', 'id ipsum', 0x69642063617264, 'ID???', '???'),
('66', 'edit', 'edit', '??????? ???', 'editar', '?????', 'uitgeven', '?????????????', '??', 'düzenleme', 'editar', 'szerkeszt', 'modifier', 'edit', 'bearbeiten', 'modifica', '?????', '??? ????? ????', '??????? ????', 'edit', 0x6d656e6765646974, '??', '??'),
('67', 'delete', 'delete', '???? ????', 'borrar', '???', 'verwijderen', '???????', '??', 'silmek', 'excluir', 'töröl', 'effacer', 'd?a??af?', 'löschen', 'cancellare', '??', '????', '?????', 'vel deleri,', 0x6d656e676861707573, '????', '??'),
('68', 'personal_profile', 'personal profile', '????????? ????????', 'perfil personal', '??? ????', 'persoonlijk profiel', '?????? ???????', '????', 'kisisel profil', 'perfil pessoal', 'személyes profil', 'profil personnel', 'p??s?p??? p??f??', 'persönliches Profil', 'profilo personale', '???????????????????????', '???? ???????', '????????? ????????', 'personal profile', 0x70726f66696c2070726962616469, '????', '?? ???'),
('69', 'academic_result', 'academic result', '???????? ?????', 'resultado académico', '????? ??????????', 'academische resultaat', '????????????? ?????????', '????', 'akademik sonuç', 'resultado acadêmico', 'tudományos eredmény', 'résultat académique', 'a?ad?µa??? ap?t??esµa', 'Studienergebnis', 'risultato accademico', '??????????', '?????? ?????', '??????? ??????', 'Ex academicis', 0x486173696c20616b6164656d696b, '????', '?? ????'),
('70', 'name', 'name', '???', 'nombre', '???', 'naam', '????????', '??', 'isim', 'nome', 'név', 'nom', '???µa', 'Name', 'nome', '????', '???', '???', 'nomen,', 0x6e616d61, '??', '??'),
('71', 'birthday', 'birthday', '???????', 'cumpleaños', '??? ?????', 'verjaardag', '???? ????????', '??', 'dogum günü', 'aniversário', 'születésnap', 'anniversaire', '?e?????a', 'Geburtstag', 'compleanno', '???????', '??????', '???????', 'natalis', 0x756c616e6720746168756e, '???', '??'),
('72', 'sex', 'sex', '?????', 'sexo', '???', 'seks', '????', '??', 'seks', 'sexo', 'szex', 'sexe', 'f???', 'Sex', 'sesso', '???', '????', '????', 'sex', 0x73656b73, '????', '??'),
('73', 'male', 'male', '?????', 'masculino', '???', 'mannelijk', '???????', '??', 'erkek', 'masculino', 'férfi', 'mâle', 'a?se?????', 'männlich', 'maschio', '??????', '???????', '??', 'masculus', 0x6c616b692d6c616b69, '??', '??'),
('74', 'female', 'female', '?????', 'femenino', '????', 'vrouw', '???????', '?', 'kadin', 'feminino', 'noi', 'femelle', '???????', 'weiblich', 'femminile', '???????', '??????', '?????', 'femina,', 0x706572656d7075616e, '??', '??'),
('75', 'religion', 'religion', '????', 'religión', '???', 'religie', '???????', '??', 'din', 'religião', 'vallás', 'religion', '???s?e?a', 'Religion', 'religione', '?????', '????', '????', 'religionis,', 0x6167616d61, '??', '??'),
('76', 'blood_group', 'blood group', '?????? ?????', 'grupo sanguíneo', '????? ????', 'bloedgroep', '?????? ?????', '??', 'kan grubu', 'grupo sanguíneo', 'vércsoport', 'groupe sanguin', '?µ?da a?µat??', 'Blutgruppe', 'gruppo sanguigno', '??????????', '??? ?? ????', '???? ????', 'sanguine coetus', 0x676f6c6f6e67616e206461726168, '???', '???'),
('77', 'phone', 'phone', '???', 'teléfono', '????', 'telefoon', '???????', '??', 'telefon', 'telefone', 'telefon', 'téléphone', 't???f???', 'Telefon', 'telefono', '????????', '???', '????', 'Praesent', 0x74656c65706f6e, '??', '??'),
('78', 'father_name', 'father name', '????? ???', 'Nombre del padre', '??? ????', 'naam van de vader', '????????', '????', 'baba adi', 'nome pai', 'apa név', 'nom de père', '?? ???µa t?? pat??a', 'Der Name des Vaters', 'nome del padre', '???????', '???? ?? ???', '???? ?? ???', 'nomine Patris,', 0x4e616d612061796168, '?????', '???? ??'),
('79', 'mother_name', 'mother name', '?????? ???', 'Nombre de la madre', '??? ????', 'moeder naam', '??? ??????', '?????', 'anne adi', 'Nome mãe', 'anyja név', 'nom de la mère', 't? ???µa t?? µ?t??a?', 'Name der Mutter', 'Nome madre', '???????', '??? ?? ???', '???? ?? ???', 'matris nomen,', 0x4e616d6120696275, '????', '??? ??'),
('80', 'edit_student', 'edit student', '???????? ?????', 'edit estudiante', '????? ??????', 'bewerk student', '?????????????? ???????', '????', 'edit ögrenci', 'edição aluno', 'szerkesztés diák', 'modifier étudiant', 'epe?e??as?a t?? f??t?t??', 'Schüler bearbeiten', 'modifica dello studente', '?????????????', '????? ?? ???? ???', '??????? ?????', 'edit studiosum', 0x6d656e6765646974207369737761, '????', '?? ??'),
('81', 'teacher_list', 'teacher list', '?????? ??????', 'lista maestra', '????? ??????', 'leraar lijst', '?????? ????????', '????', 'ögretmen listesi', 'lista de professores', 'tanár lista', 'Liste des enseignants', '??sta t?? e?pa?de?t????', 'Lehrer-Liste', 'elenco degli insegnanti', '??????????', '????? ?????', '?????? ????', 'magister album', 0x6461667461722067757275, '?????', '??? ??'),
('82', 'add_teacher', 'add teacher', '?????? ???', 'añadir profesor', '????? ??????', 'voeg leraar', '???????? ???????', '????', 'ögretmen ekle', 'adicionar professor', 'hozzá tanár', 'ajouter enseignant', 'p??s??ste d?s?a???', 'Lehrer hinzufügen', 'aggiungere insegnante', '????????', '????? ????', '?????? ????', 'Magister addit', 0x6d656e616d6261682067757275, '?????', '??? ??'),
('83', 'teacher_name', 'teacher name', '?????? ???', 'Nombre del profesor', '??? ??????', 'leraarsnaam', '??? ???????', '????', 'ögretmen adi', 'nome professor', 'tanár név', 'nom des enseignants', '???µa t?? e?pa?de?t????', 'Lehrer Name', 'Nome del docente', '???????', '????? ?? ???', '?????? ?? ???', 'magister nomine', 0x6e616d612067757275, '???', '?? ??'),
('84', 'edit_teacher', 'edit teacher', '???????? ??????', 'edit maestro', '????? ??????', 'leraar bewerken', '??????? ???????', '????', 'edit ögretmen', 'editar professor', 'szerkesztés tanár', 'modifier enseignant', 'edit e?pa?de?t????', 'edit Lehrer', 'modifica insegnante', '????????', '????? ?????', '??????? ???? ??????', 'edit magister', 0x6d656e67656469742067757275, '?????', '?? ??'),
('85', 'manage_parent', 'manage parent', '??????? ? ????????', 'gestionar los padres', '????? ????', 'beheren ouder', '????????? ?????????', '?????', 'ebeveyn yönetmek', 'gerenciar pai', 'kezelni szülo', 'gérer parent', 'd?a?e???s? µ?t????', 'verwalten Mutter', 'gestione genitore', '????????????', '?????? ?? ??????', '???? - ???? ?? ???????', 'curo parent', 0x6d656e67656c6f6c61206f72616e6720747561, '????', '?? ??'),
('86', 'parent_list', 'parent list', '??? ??????', 'lista primaria', '????? ??????', 'ouder lijst', '????????????? ??????', '???', 'ebeveyn listesi', 'lista pai', 'szülo lista', 'liste parent', 'µ?t???? ??sta', 'geordneten Liste', 'elenco padre', '????????????????', '?????? ?? ?????', '???? - ???? ????', 'parente album', 0x64616674617220696e64756b, '????', '?? ??'),
('87', 'parent_name', 'parent name', '??? ???', 'Nombre del padre', '??? ??????', 'oudernaam', '???????? ????????', '??', 'ebeveyn isim', 'nome do pai', 'szülo név', 'nom du parent', 'µ?t???? ???µa', 'Mutternamen', 'nome del padre', '?????????????', '?????? ?? ???', '???? - ???? ?? ???', 'Nomen parentis,', 0x6e616d61206f72616e6720747561, '????', '?? ??'),
('88', 'relation_with_student', 'relation with student', '???????? ????? ???????', 'relación con el estudiante', '??????? ?? ??????', 'relatie met student', '????????? ? ????????', '?????', 'ögrenci ile iliskisi', 'relação com o aluno', 'kapcsolatban diák', 'relation avec l\'élève', 's??s? µe t?? µa??t?', 'Zusammenhang mit Studenten', 'rapporto con lo studente', '???????????????????????', '???? ??? ?? ???? ????', '?????? ?? ??? ?????', 'cum inter ipsum', 0x687562756e67616e2064656e67616e207369737761, '??????', '???? ??'),
('89', 'parent_email', 'parent email', '??? ?????', 'correo electrónico de los padres', '?????? ?????????? ????', 'ouder email', '???????? ??????', '???????', 'ebeveyn email', 'e-mail dos pais', 'szülo e-mail', 'parent email', 'email t?? ????a', 'Eltern per E-Mail', 'email genitore', '???????????????', '?????? ?? ?? ???', '???? - ???? ????', 'parente email', 0x656d61696c20696e64756b, '??????', '??? ???'),
('90', 'parent_phone', 'parent phone', '???????? ???', 'teléfono de los padres', '?????? ????????', 'ouder telefoon', '???????? ???????', '????', 'ebeveyn telefon', 'telefone dos pais', 'szülo telefon', 'mère de téléphone', 'µ?t???? t???f???', 'Elterntelefon', 'telefono genitore', '????????????????????', '?????? ???', '???? - ???? ?? ???', 'parentis phone', 0x74656c65706f6e206f72616e6720747561, '??????', '?? ??'),
('91', 'parrent_address', 'parrent address', 'parrent ??????', 'Dirección Parrent', '????? parrent', 'parrent adres', 'Parrent ?????', 'parrent??', 'parrent adresi', 'endereço Parrent', 'parrent cím', 'adresse Parrent', 'parrent d?e????s?', 'parrent Adresse', 'Indirizzo parrent', '??????? parrent', 'parrent ??????', 'parrent ???', 'oratio parrent', 0x616c616d61742070617272656e74, 'parrent????', 'parrent ??'),
('92', 'parrent_occupation', 'parrent occupation', 'parrent ??????', 'ocupación Parrent', '???????? parrent', 'parrent bezetting', 'Parrent ?????????', 'parrent??', 'parrent isgal', 'ocupação Parrent', 'parrent Foglalkozás', 'occupation Parrent', 'parrent ep???e?µa', 'parrent Beruf', 'occupazione parrent', '????? parrent', 'parrent ????', 'parrent ?????', 'opus parrent', 0x70656e647564756b616e2070617272656e74, 'parrent??', 'parrent ??'),
('93', 'add', 'add', '??? ???', 'añadir', '?????', 'toevoegen', '?????????', '?', 'eklemek', 'adicionar', 'hozzáad', 'ajouter', 'p??s????', 'hinzufügen', 'aggiungere', '?????', '????', '??????', 'Adde', 0x6d656e616d6261686b616e, '???', '??'),
('94', 'parent_of', 'parent of', '???????', 'matriz de', '???? ?', 'ouder van', '????????', '?', 'ebeveyn', 'pai', 'szülo', 'parent d\'', '????a?', 'Muttergesellschaft der', 'madre di', '????????????', '??????', '?? ???? - ????', 'parentem,', 0x696e64756b2064617269, '??', '? ??'),
('95', 'profession', 'profession', '????', 'profesión', '????', 'beroep', '?????????', '??', 'meslek', 'profissão', 'szakma', 'profession', 'ep???e?µa', 'Beruf', 'professione', '?????', '????', '???????', 'professio', 0x70726f66657369, '??', '??'),
('96', 'edit_parent', 'edit parent', '???????? ????????', 'edit padres', '????? ????????', 'bewerk ouder', '??????? ????????', '???', 'edit ebeveyn', 'edição pai', 'szerkesztés szülo', 'modifier parent', 'edit ????a', 'edit Mutter', 'modifica genitore', '??????????????', '??? ????? ???? ??????', '??????? ???', 'edit parent', 0x6d656e676564697420696e64756b, '???', '?? ??'),
('97', 'add_parent', 'add parent', '???????? ???', 'añadir los padres', '????? ??????', 'Voeg een ouder', '???????? ????????', '???', 'ebeveyn ekle', 'adicionar pai', 'hozzá szülo', 'ajouter parent', 'p??s??ste µ?t????', 'Mutter hinzufügen', 'aggiungere genitore', '??????????????', '?????? ????', '???? - ???? ????', 'adde parent', 0x6d656e616d6261686b616e206f72616e6720747561, '????', '??? ??'),
('98', 'manage_subject', 'manage subject', '????? ? ????????', 'gestionar sujeto', '????? ???????', 'beheren onderwerp', '????????? ????', '????', 'konuyu yönetmek', 'gerenciar assunto', 'kezelni tárgy', 'gérer sujet', 'd?a?e???s? ?p??e?ta?', 'Thema verwalten', 'gestire i soggetti', '???????????????', '????? ?? ??????', '???? ?? ???????', 'subiectum disponat', 0x6d656e67656c6f6c61207375626a656b, '?????', '?? ??'),
('99', 'subject_list', 'subject list', '????? ??????', 'lista por materia', '????? ???????', 'Onderwerp lijst', '?????? ????????', '????', 'konu listesi', 'lista por assunto', 'téma lista', 'liste de sujets', '?p??e??ta? ??sta', 'Themenliste', 'lista soggetto', '????????????', '????? ?? ?????', '???? ????', 'subiectum album', 0x646166746172207375626a656b, '?????????', '?? ??'),
('100', 'add_subject', 'add subject', '????? ???', 'Añadir asunto', '????? ???????', 'Onderwerp toevoegen', '???????? ????', '????', 'konu ekle', 'adicionar assunto', 'Tárgy hozzáadása', 'ajouter l\'objet', '???s???? ??µat??', 'Thema hinzufügen', 'aggiungere soggetto', '???????????', '?????', '?????? ????', 're addere', 0x6d656e616d6261686b616e207375626a656b, '?????', '??? ??'),
('101', 'subject_name', 'subject name', '????? ???', 'nombre del sujeto', '??? ???????', 'Onderwerp naam', '??? ????????', '????', 'konu adi', 'nome do assunto', 'tárgy megnevezése', 'nom du sujet', '?p??e??ta? ???µa', 'Thema Namen', 'nome del soggetto', '??????????', '????? ?? ???', '???? ?? ???', 'agitur nomine', 0x6e616d61207375626a656b, '???????', '?? ??'),
('102', 'edit_subject', 'edit subject', '???????? ?????', 'Editar asunto', '????? ???????', 'Onderwerp bewerken', '???????? ????', '????', 'düzenleme konusu', 'Editar assunto', 'Tárgy szerkesztése', 'modifier l\'objet', 'edit ??µa', 'Betreff bearbeiten', 'Modifica oggetto', '???????????', '????? ??? ????? ????', '???? ??????? ????', 'edit subiecto', 0x6d656e6765646974207375626a656b, '????', '?? ??'),
('103', 'manage_class', 'manage class', '????? ? ????????', 'gestionar clase', '????? ????', 'beheren klasse', '????????? ?????', '???', 'sinif yönetmek', 'gerenciar classe', 'kezelni osztály', 'gérer classe', 'd?a?e???s? t????', 'Klasse verwalten', 'gestione della classe', '??????????????????', '???? ?? ??????', '???? ?? ???????', 'genus regendi', 0x6d656e67656c6f6c61206b656c6173, '??????', '????? ??'),
('104', 'class_list', 'class list', '???? ??????', 'lista de la clase', '????? ???', 'klasse lijst', '?????? ?????', '???', 'sinif listesi', 'lista de classe', 'class lista', 'liste de classe', 'p??a?a? ap?te?esµ?t??', 'Klassenliste', 'elenco di classe', '??????????', '???? ?????', '????? ????', 'genus album', 0x646166746172206b656c6173, '??????', '??? ??'),
('105', 'add_class', 'add class', '?????? ???', 'agregar la clase', '????? ???', 'voeg klasse', '???????? ?????', '???', 'sinif eklemek', 'adicionar classe', 'hozzá osztály', 'ajouter la classe', 'p??s??sete t???', 'Klasse hinzufügen', 'aggiungere classe', '??????????', '???? ???? ????', '???? ????', 'adde genus', 0x6d656e616d6261686b616e206b656c6173, '??????', '???? ??'),
('106', 'class_name', 'class name', '??????? ???', 'nombre de la clase', '??? ?????', 'class naam', '??? ??????', '??', 'sinif adi', 'nome da classe', 'osztály neve', 'nom de la classe', '???µa t?? ???s??', 'Klassennamen', 'nome della classe', '????????', '???? ???', '???? ?? ???', 'Classis nomine', 0x6e616d61206b656c6173, '????', '??? ??'),
('107', 'numeric_name', 'numeric name', '???????? ???', 'nombre numérico', '??? ?????', 'numerieke naam', '???????? ???', '????', 'Sayisal isim', 'nome numérico', 'numerikus név', 'nom numérique', 'a???µ?t??? ???µa', 'numerischen Namen', 'nome numerico', '??????????', '???? ???', '???????? ???', 'secundum numerum est secundum nomen,', 0x4e616d61206e756d6572696b, '?????', '?? ??'),
('108', 'name_numeric', 'name numeric', '???????? ??? ???', 'nombre numérico', '????? ?????', 'naam numerieke', '??????? ????????', '????', 'sayisal isim', 'nome numérico', 'név numerikus', 'nommer numérique', '???µa a???µ?t???', 'nennen numerischen', 'nome numerico', '??????????', '???? ???', '???????? ?? ???', 'secundum numerum est secundum nomen,', 0x6e616d61206e756d6572696b, '?????????', '?? ???'),
('109', 'edit_class', 'edit class', '???????? ????', 'clase de edición', '?????? ?????', 'bewerken klasse', '??????? ?????', '???', 'sinif düzenle', 'edição classe', 'szerkesztés osztály', 'modifier la classe', 'edit ?at?????a', 'Klasse bearbeiten', 'modifica della classe', '??????????', '????? ????', '??????? ????', 'edit genere', 0x6d656e6765646974206b656c6173, '?????', '?? ???'),
('110', 'manage_exam', 'manage exam', '??????? ????????', 'gestionar examen', '????? ????????', 'beheren examen', '????????? ???????', '????', 'sinavi yönetmek', 'gerenciar exame', 'kezelni vizsga', 'gérer examen', 'd?a?e???s? e?et?se??', 'Prüfung verwalten', 'gestire esame', '????????????', '?????? ?? ??????', '??????? ?? ???????', 'curo ipsum', 0x6d656e67656c6f6c6120756a69616e, '?????', '?? ??'),
('111', 'exam_list', 'exam list', '???????? ??????', 'lista de exámenes', '????? ????????', 'examen lijst', '?????? ???????', '????', 'sinav listesi', 'lista de exames', 'vizsga lista', 'liste d\'examen', '??sta e?et?se??', 'Prüfungsliste', 'elenco esami', '?????????', '?????? ?????', '??????? ????', 'Lorem ipsum album', 0x64616674617220756a69616e, '??????', '?? ??'),
('112', 'add_exam', 'add exam', '???????? ???', 'agregar examen', '????? ??????', 'voeg examen', '???????? ???????', '????', 'sinav eklemek', 'adicionar exame', 'hozzá vizsga', 'ajouter examen', 'p??s??sete e?et?se??', 'Prüfung hinzufügen', 'aggiungere esame', '???????????', '?????? ??? ???? ????', '??????? ????', 'adde ipsum', 0x6d656e616d6261686b616e20756a69616e, '?????', '??? ??'),
('113', 'exam_name', 'exam name', '???????? ???', 'nombre del examen', '??? ????????', 'examen naam', '???????? ???????', '????', 'sinav adi', 'nome do exame', 'Vizsga neve', 'nom de l\'examen', '?? ???µ? e?et?se??', 'Prüfungsnamen', 'nome dell\'esame', '???????', '?????? ?? ???', '??????? ?? ???', 'ipsum nomen,', 0x4e616d6120756a69616e, '???', '?? ??'),
('114', 'date', 'date', '?????', 'fecha', '?????', 'datum', '????', '??', 'tarih', 'data', 'dátum', 'date', '?µe??µ???a', 'Datum', 'data', '??????', '?????', '?????', 'date', 0x74616e6767616c, '??', '??'),
('115', 'comment', 'comment', '???????', 'comentario', '?????', 'commentaar', '???????????', '??', 'yorum', 'comentário', 'megjegyzés', 'commentaire', 's?????', 'Kommentar', 'commento', '????????', '?????', '???????', 'comment', 0x6b6f6d656e746172, '????', '??'),
('116', 'edit_exam', 'edit exam', '???????? ???????', 'examen de edición', '?????? ?????', 'bewerk examen', '??????? ???????', '????', 'edit sinavi', 'edição do exame', 'szerkesztés vizsga', 'modifier examen', 'edit e?et?se??', 'edit Prüfung', 'modifica esame', '???????????', '????? ??????', '??????? ???????', 'edit ipsum', 0x6d656e676564697420756a69616e, '????', '?? ??'),
('117', 'manage_exam_marks', 'manage exam marks', '??????? ????? ? ????????', 'gestionar marcas de examen', '????? ?????? ????????', 'beheren examencijfers', '????????? ??????????????? ???????', '?????', 'sinav isaretleri yönetmek', 'gerenciar marcas exame', 'kezelni vizsga jelek', 'gérer les marques d\'examen', 'd?a?e???s? t?? s?µ?t?? e?et?se??', 'Prüfungsnoten verwalten', 'gestire i voti degli esami', '????????????????????', '?????? ?? ?????? ?? ??????', '??????? ?? ????? ?? ???????', 'ipsum curo indicia', 0x6d656e67656c6f6c61206e696c616920756a69616e, '????????', '?? ??? ??'),
('118', 'manage_marks', 'manage marks', '????? ? ????????', 'gestionar marcas', '????? ??????', 'beheren merken', '????????? ?????', '????', 'isaretleri yönetmek', 'gerenciar marcas', 'kezelni jelek', 'gérer les marques', 'd?a?e???s? t?? s?µ?t??', 'Markierungen verwalten', 'gestire i marchi', '?????????????????', '?????? ?? ??????', '????? ?? ???????', 'curo indicia', 0x6d656e67656c6f6c612074616e6461, '??????', '??? ??'),
('119', 'select_exam', 'select exam', '???????? ????????', 'seleccione examen', '??? ????????', 'selecteer examen', '??????? ???????', '????', 'sinavi seçin', 'selecionar exame', 'válassza ki a vizsga', 'sélectionnez examen', 'ep????te e?et?se??', 'Prüfung wählen', 'seleziona esame', '????????', '?????? ????? ????', '??????? ?? ???', 'velit ipsum', 0x70696c696820756a69616e, '?????', '??? ??'),
('120', 'select_class', 'select class', '???? ????????', 'seleccione clase', '??? ???', 'selecteren klasse', '??????? ?????', '??????', 'sinif seçin', 'selecionar classe', 'válassza osztály', 'sélectionnez classe', '?p????te ?at?????a', 'Klasse wählen', 'seleziona classe', '?????????', '???? ????? ????', '???? ?? ??? ????', 'genus eligere,', 0x70696c6968206b656c6173, '??????', '???? ??'),
('121', 'select_subject', 'select subject', '????? ???????? ????', 'seleccione tema', '??? ???????', 'Selecteer onderwerp', '???????? ????', '????', 'konu seçin', 'selecionar assunto', 'Válassza a Tárgy', 'sélectionner le sujet', 'ep????te ??µa', 'Thema wählen', 'seleziona argomento', '???????????', '????? ????? ????', '???? ?? ???', 'eligere subditos', 0x70696c6968207375626a656b, '?????', '??? ??'),
('122', 'select_an_exam', 'select an exam', '???? ??????? ????????', 'seleccione un examen', '??? ????????', 'selecteer een examen', '??????? ???????', '????', 'Bir sinav seçin', 'selecionar um exame', 'válasszon ki egy vizsga', 'sélectionner un examen', 'ep????te µ?a e??tas?', 'Wählen Sie eine Prüfung', 'selezionare un esame', '????????', '?????? ????? ????', '?? ??????? ?? ???', 'Eligebatur autem ipsum', 0x70696c696820756a69616e, '?????', '??? ??'),
('123', 'mark_obtained', 'mark obtained', '??????? ???????', 'calificación obtenida', '??????? ?????? ???', 'markeren verkregen', '???????? ????????', '???', 'isaretlemek elde', 'marca obtida', 'jelölje kapott', 'marquer obtenu', 's?µa p?? ?aµß??eta?', 'Markieren Sie erhalten', 'contrassegnare ottenuto', '??????????????????????', '???? ?? ????', '??? ???????', 'attende obtinuit', 0x6d656e616e6461692064697065726f6c6568, '?????', '?? ??'),
('124', 'attendance', 'attendance', '????????', 'asistencia', '??????', 'opkomst', '????????????', '??', 'katilim', 'comparecimento', 'részvétel', 'présence', 'pa???s?a', 'Teilnahme', 'partecipazione', '????????????', '?????', '????????', 'auscultant', 0x6b656861646972616e, '??', '??'),
('125', 'manage_grade', 'manage grade', '????? ????????', 'gestión de calidad', '????? ????', 'beheren leerjaar', '????????? ?????', '???', 'notu yönetmek', 'gerenciar grau', 'kezelni fokozat', 'gérer de qualité', 'd?a?e???s? p???t?ta?', 'Klasse verwalten', 'gestione grade', '??????????', '???? ?? ??????', '????? ?? ???????', 'moderari gradu', 0x6d656e67656c6f6c61206b656c6173, '???????', '?? ??'),
('126', 'grade_list', 'grade list', '????? ??????', 'Lista de grado', '????? ????', 'cijferlijst', '?????? ??????', '????', 'sinif listesi', 'lista grau', 'fokozat lista', 'liste de qualité', '??sta ßa?µ??', 'Notenliste', 'elenco grade', '??????????', '???? ?????', '????? ?? ????', 'gradus album', 0x646166746172206b656c6173, '??????', '?? ??'),
('127', 'add_grade', 'add grade', '????? ??? ????', 'añadir grado', '????? ????', 'voeg leerjaar', '???????? ?????', '???', 'not eklemek', 'adicionar grau', 'hozzá fokozat', 'ajouter note', 'p??s???? ßa?µ??', 'Klasse hinzufügen', 'aggiungere grade', '?????????', '???? ??? ???? ????', '????? ????', 'adde gradum,', 0x6d656e616d6261686b616e206b656c6173, '???????', '??? ??'),
('128', 'grade_name', 'grade name', '????? ???', 'Nombre de grado', '??? ????', 'rangnaam', '???????? ?????', '????', 'sinif adi', 'nome da classe', 'fokozat név', 'nom de la catégorie', '???µa ßa?µ??', 'Klasse Name', 'nome del grado', '????????', '???? ???', '????? ?? ???', 'nomen, gradus,', 0x6e616d61206b656c6173, '?????', '?? ??'),
('129', 'grade_point', 'grade point', '????? ???????', 'de calificaciones', '??????', 'rangpunt', '????', '??', 'not', 'ponto de classe', 'fokozatú pont', 'cumulative', 'ßa?µ??', 'Noten', 'punto di grado', '???????', '???? ??????', '????? ?????', 'gradus punctum', 0x696e64656b73207072657374617369, '?????', '??'),
('130', 'mark_from', 'mark from', '????? ????', 'marca de', '????? ??', 'mark uit', '???? ??', '???', 'mark dan', 'marca de', 'jelölést', 'marque de', 's?µa ap?', 'Marke aus', 'segno da', '??????????????', '???? ??', '????? ??', 'marcam', 0x6d61726b2064617269, '?????', '???'),
('131', 'mark_upto', 'mark upto', '??????? ???????', 'marcar hasta', '??????? ???', 'mark tot', '???????? ??', '????', 'kadar isaretlemek', 'marcar até', 'jelölje upto', 'marquer jusqu\'à', 's?µa µ????', 'Markieren Sie bis zu', 'contrassegnare fino a', '?????????????????', '?? ?? ????', '?? ???????', 'Genitus est notare', 0x6d656e616e646169207570746f, '???????', '???'),
('132', 'edit_grade', 'edit grade', '???????? ?????', 'edit grado', '????? ????', 'Cijfer bewerken', '??????? ??????', '????', 'edit notu', 'edição grau', 'szerkesztés fokozat', 'edit qualité', 'edit ßa?µ??', 'edit Grad', 'modifica grade', '?????????', '????? ????', '??????? ?????', 'edit gradu', 0x6d656e6765646974206b656c6173, '??????', '?? ??'),
('133', 'manage_class_routine', 'manage class routine', '??????? ????? ????????', 'gestionar rutina de la clase', '????? ?????? ?????????', 'beheren klasroutine', '????????? ?????? ??????', '?????', 'sinif rutin yönetmek', 'gerenciar rotina classe', 'kezelni class rutin', 'gérer la routine de classe', 'd?a?e??????ta? t??? ???t??a', 'verwalten Klasse Routine', 'gestione classe di routine', '?????????????????????????', '???? ????? ?? ??????', '???? ???????? ?? ???????', 'uno in genere tractare', 0x6d656e67656c6f6c6120727574696e69746173206b656c6173, '??????????', '??? ???? ??'),
('134', 'class_routine_list', 'class routine list', '??????? ????? ??????', 'clase de lista de rutina', '????? ????????? ??????', 'klasroutine lijst', '????? ?????? ??????', '??????', 'sinif rutin listesi', 'classe de lista de rotina', 'osztály rutin lista', 'classe liste routine', '???s? list ???t??a?', 'Klasse Routine Liste', 'classe lista di routine', '???????????????', '???? ????? ?? ????? ?????', '???? ???????? ????', 'uno genere album', 0x44616674617220727574696e206b656c6173, '?????????', '??? ?? ??'),
('135', 'add_class_routine', 'add class routine', '??????? ????? ?????', 'añadir rutina de la clase', '????? ??? ?????????', 'voeg klasroutine', '???????? ???????????? ??????', '?????', 'sinif rutin eklemek', 'adicionar rotina classe', 'hozzá class rutin', 'ajouter routine de classe', 'p??s??sete t??? ???t??a', 'Klasse hinzufügen Routine', 'aggiungere classe di routine', '?????????????????', '???? ????? ??? ???? ????', '???? ???????? ????', 'adde genus moris', 0x6d656e616d6261686b616e20727574696e206b656c6173, '???·???????', '??? ??? ??'),
('136', 'day', 'day', '???', 'día', '???', 'dag', '????', '?', 'gün', 'dia', 'nap', 'jour', '?µ??a', 'Tag', 'giorno', '???', '??', '???', 'die,', 0x68617269, '?', '?'),
('137', 'starting_time', 'starting time', '?????? ????', 'tiempo de inicio', '???? ?????', 'starttijd', '????? ??????', '????', 'baslangiç ??zamani', 'tempo começando', 'indítási ido', 'temps de démarrage', '??a ??a????', 'Startzeit', 'tempo di avviamento', '????????????', '??? ???? ????', '??? ?? ?????? ??', 'tum satus', 0x77616b7475206d756c6169, '????', '?? ??'),
('138', 'ending_time', 'ending time', '???? ???', 'hora de finalización', '????? ??????', 'eindtijd', '????? ?????????', '????', 'bitis zamanini', 'tempo final', 'befejezési idopont', 'heure de fin', '??a ?????', 'Endzeit', 'ora finale', '???????????', '??? ???', '??? ?????? ???? ??', 'et finis temporis,', 0x616b6869722077616b7475, '????', '?? ??'),
('139', 'edit_class_routine', 'edit class routine', '???????? ????? ?????', 'rutina de la clase de edición', '?????? ????? ?????????', 'bewerk klasroutine', '????????? ?????????????? ?????', '?????', 'sinif düzenle rutin', 'rotina de edição de classe', 'szerkesztés osztály rutin', 'routine modifier de classe', 'edit t??? ???t??a', 'edit Klasse Routine', 'modifica della classe di routine', '?????????????????????', '????? ???? ?????', '??????? ???? ????????', 'edit uno genere', 0x727574696e206d656e6765646974206b656c6173, '??????????', '?? ??? ??'),
('140', 'manage_invoice/payment', 'manage invoice/payment', '????? / ??????? ????????', 'gestionar factura / pago', '????? ?????? / ???', 'beheren factuur / betaling', '????????? ????? / ??????', '????/??', 'fatura / ödeme yönetmek', 'gerenciar fatura / pagamento', 'kezelni számla / fizetési', 'gérer facture / paiement', 'd?a?e???s? t?µ??????? / p????µ??', 'Verwaltung Rechnung / Zahlung', 'gestione fattura / pagamento', '???????????????? / ???????????', '?????? / ??????? ?? ??????', '????? / ?????? ?? ???????', 'curo cautionem / solutionem', 0x6d656e67656c6f6c61207461676968616e202f2070656d6261796172616e, '???/????', '???? / ?? ??'),
('141', 'invoice/payment_list', 'invoice/payment list', '????? / ??????? ??????', 'lista de facturas / pagos', '????? ?????? / ???', 'factuur / betaling lijst', '?????? ????? / ??????', '??/????', 'fatura / ödeme listesi', 'lista de fatura / pagamento', 'számla / fizetési lista', 'liste facture / paiement', '??sta t?µ??????? / p????µ??', 'Rechnung / Zahlungsliste', 'elenco fattura / pagamento', '???????????????? / ???????????', '?????? / ??????? ?? ?????', '????? / ?????? ????', 'cautionem / list pretium', 0x646166746172207461676968616e202f2070656d6261796172616e, '???/????', '???? / ?????'),
('142', 'add_invoice/payment', 'add invoice/payment', '????? / ??????? ???', 'añadir factura / pago', '????? ?????? / ???', 'voeg factuur / betaling', '???????? ????? / ??????', '????/??', 'fatura / ödeme eklemek', 'adicionar factura / pagamento', 'hozzá számla / fizetési', 'ajouter facture / paiement', 'p??s???? t?µ??????? / p????µ??', 'hinzufügen Rechnung / Zahlung', 'aggiungere fatturazione / pagamento', '??????????????? / ???????????', '?????? / ??????? ????', '????? / ?????? ??????', 'add cautionem / solutionem', 0x6d656e616d6261686b616e207461676968616e202f2070656d6261796172616e, '???/?????', '?? / ??? ??'),
('143', 'title', 'title', '?????', 'título', '???', 'titel', '????????', '??', 'baslik', 'título', 'cím', 'titre', 't?t???', 'Titel', 'titolo', '??????????', '?????', '??????', 'title', 0x6a7564756c, '????', '??'),
('144', 'description', 'description', '?????', 'descripción', '???', 'beschrijving', '????????', '??', 'tanim', 'descrição', 'leírás', 'description', 'pe????af?', 'Beschreibung', 'descrizione', '??????', '?????', '?????', 'description', 0x6465736b7269707369, '??', '??'),
('145', 'amount', 'amount', '??????', 'cantidad', '????', 'bedrag', '??????????', '?', 'miktar', 'quantidade', 'mennyiség', 'montant', 'p?s?', 'Menge', 'importo', '?????', '???', '????', 'tantum', 0x6a756d6c6168, '?', '?'),
('146', 'status', 'status', '??????', 'estado', '????', 'toestand', '??????', '??', 'durum', 'estado', 'állapot', 'statut', '?at?stas?', 'Status', 'stato', '?????', '????', '??????', 'status', 0x737461747573, '?????', '??'),
('147', 'view_invoice', 'view invoice', '????? ?????', 'vista de la factura', '??? ????????', 'view factuur', '??? ?????-???????', '????', 'view fatura', 'vista da fatura', 'view számla', 'vue facture', 'p??ß??? t?µ??????', 'Ansicht Rechnung', 'vista fattura', '????????????', '?????? ??????', '????? ?????', 'propter cautionem', 0x6c696861742066616b747572, '??????', '?? ??'),
('148', 'paid', 'paid', '??????', 'pagado', '?????', 'betaald', '??????????', '??', 'ücretli', 'pago', 'fizetett', 'payé', '?ataß???e?', 'bezahlt', 'pagato', '????????', '??? ???', '???????', 'solutis', 0x64696261796172, '?????', '??'),
('149', 'unpaid', 'unpaid', '???????', 'no pagado', '??? ?????', 'onbetaald', '????????????', '??', 'ödenmemis', 'não remunerado', 'kifizetetlen', 'non rémunéré', 'ap????t?', 'unbezahlt', 'non pagato', '?????????????', '??? ??????', '???????', 'non est constitutus,', 0x64696261796172, '???', '???? ??'),
('150', 'add_invoice', 'add invoice', '????? ???', 'añadir factura', '????? ????????', 'voeg factuur', '???????? ????', '????', 'faturayi eklemek', 'adicionar fatura', 'hozzá számla', 'ajouter facture', 'p??s??ste t?µ??????', 'Rechnung hinzufügen', 'aggiungere fattura', '???????????????', '?????? ??? ????', '????? ????', 'add cautionem', 0x6d656e616d6261686b616e2066616b747572, '??????', '??? ??'),
('151', 'payment_to', 'payment to', '???????', 'pago a', '??? ?', 'betaling aan', '??????', '??', 'için ödeme', 'pagamento', 'fizetés', 'paiement', 'p????µ?', 'Zahlung an', 'pagamento', '??????????????', '???????', '?? ??????', 'pecunia', 0x70656d6261796172616e206b6570616461, '?????', '? ??'),
('152', 'bill_to', 'bill to', '???', 'proyecto de ley para', '????? ????? ?', 'wetsvoorstel om', '???????????? ?', '??', 'bill', 'projeto de lei para', 'törvényjavaslat', 'projet de loi', '??µ?s??d?? ??a t??', 'Gesetzentwurf zur', 'disegno di legge per', '???', '??', '??? ?? ???', 'latumque', 0x52555520756e74756b, '????', '??'),
('153', 'invoice_title', 'invoice title', '????? ???????', 'Título de la factura', '????? ????????', 'factuur titel', '???????? ?????', '????', 'fatura baslik', 'título fatura', 'számla cím', 'titre de la facture', '??t??? t?µ??????', 'Rechnungs Titel', 'title fattura', '??????????????', '?????? ?????', '????? ??????', 'title cautionem', 0x6a7564756c2066616b747572, '????????', '?? ??'),
('154', 'invoice_id', 'invoice id', '????? ????', 'Identificación de la factura', '?????? ????', 'factuur id', '????-??????? ID', '????', 'fatura id', 'id fatura', 'számla id', 'Identifiant facture', 'id t?µ??????', 'Rechnung-ID', 'fattura id', '?????????????????', '?????? ID', '????? ????', 'id cautionem', 0x66616b747572206964, '???ID', '?? ID'),
('155', 'edit_invoice', 'edit invoice', '???????? ?????', 'edit factura', '????? ????????', 'bewerk factuur', '?????????????? ?????-???????', '????', 'edit fatura', 'edição fatura', 'szerkesztés számla', 'modifier la facture', 'edit t?µ??????', 'edit Rechnung', 'modifica fattura', '???????????????', '????? ??????', '??????? ?????', 'edit cautionem', 0x6d656e67656469742066616b747572, '?????', '?? ??'),
('156', 'manage_library_books', 'manage library books', '?????????? ?? ? ????????', 'gestionar libros de la biblioteca', '????? ????? ?????', 'beheren bibliotheekboeken', '????????? ???????????? ?????', '????', 'kitaplari kütüphane yönetmek', 'gerenciar os livros da biblioteca', 'kezelni könyvtári könyvek', 'gérer des livres de bibliothèque', 'd?a?e???ste?te ta ß?ß??a t?? ß?ß????????', 'Bücher aus der Bibliothek verwalten', 'gestire i libri della biblioteca', '???????????????????????', '??? ???? ?? ?????? ????', '????????? ?? ???????? ?? ???????', 'curo bibliotheca librorum,', 0x6d656e67656c6f6c612062756b752070657270757374616b61616e, '????????', '??? ? ??'),
('157', 'book_list', 'book list', '???????????', 'lista de libros', '????? ?????', 'boekenlijst', '?????? ????', '??', 'kitap listesi', 'lista de livros', 'book lista', 'liste de livres', '??sta ß?ß????', 'Buchliste', 'elenco libri', '???????????????', '???? ?? ?????', '?????? ????', 'album', 0x6461667461722062756b75, '??????', '?? ??'),
('158', 'add_book', 'add book', '?? ???', 'Añadir libro', '????? ????', 'boek toevoegen', '???????? ?????', '???', 'kitap eklemek', 'adicionar livro', 'Könyv hozzáadása', 'ajouter livre', 'p??s??ste t? ß?ß???', 'Buch hinzufügen', 'aggiungere il libro', '????????????', '???? ????', '?????? ????', 'adde libri', 0x6d656e616d6261686b616e2062756b75, '????', '?? ??'),
('159', 'book_name', 'book name', '?????? ???', 'Nombre del libro', '??? ??????', 'boeknaam', '???????? ?????', '??', 'kitap adi', 'nome livro', 'book név', 'nom de livre', 't? ???µa t?? ß?ß????', 'Buchnamen', 'nome del libro', '???????????', '???? ?? ???', '????? ?? ???', 'librum nomine', 0x6e616d612062756b75, '????', '? ??'),
('160', 'author', 'author', '????', 'autor', '??????', 'auteur', '?????', '??', 'yazar', 'autor', 'szerzo', 'auteur', 's????af?a?', 'Autor', 'autore', '????????', '????', '????', 'auctor', 0x70656e756c6973, '??', '??'),
('161', 'price', 'price', '???', 'precio', '?????', 'prijs', '????', '??', 'fiyat', 'preço', 'ár', 'prix', 't?µ?', 'Preis', 'prezzo', '????', '????', '????', 'price', 0x6861726761, '??', '??'),
('162', 'available', 'available', '??????', 'disponible', '????', 'beschikbaar', '?????????', '???', 'mevcut', 'disponível', 'rendelkezésre álló', 'disponible', 'd?a??s?µ??', 'verfügbar', 'disponibile', '????????????', '??????', '??????', 'available', 0x7465727365646961, '?????', '???'),
('163', 'unavailable', 'unavailable', '????????', 'indisponible', '??? ????', 'niet beschikbaar', '??????????', '???', 'yok', 'indisponível', 'érheto el', 'indisponible', 'd?a??s?µ?', 'nicht verfügbar', 'non disponibile', '?????', '?????? ????', '????????', 'unavailable', 0x746964616b207465727365646961, '??????', '??'),
('164', 'edit_book', 'edit book', '???????? ??', 'libro de edición', '???? ?????', 'bewerk boek', '??????? ?????', '????', 'edit kitap', 'edição do livro', 'edit könyv', 'edit livre', 'epe?e??aste?te t? ß?ß???', 'edit Buch', 'modifica book', '????????????', '????? ????', '??????? ??????', 'edit Liber', 0x6d656e67656469742062756b75, '????', '?? ?'),
('165', 'manage_transport', 'manage transport', '?????? ? ????????', 'gestionar el transporte', '????? ?????', 'beheren van vervoerssystemen', '????????? ???????????', '????', 'ulasim yönetmek', 'gerenciar o transporte', 'kezelni a közlekedés', 'la gestion du transport', 'd?a?e???s? t?? µetaf????', 'Transport verwalten', 'gestire i trasporti', '?????????????????', '??? ? ??? ?? ??????', '?????? ?? ???????', 'curo onerariis', 0x6d656e67656c6f6c61207472616e73706f7274617369, '?????', '?? ??'),
('166', 'transport_list', 'transport list', '?????? ??????', 'Lista de transportes', '????? ?????', 'lijst vervoer', '???? ?????????', '????', 'tasima listesi', 'Lista de transportes', 'szállítás lista', 'liste de transport', '??sta t?? µetaf????', 'Transportliste', 'elenco trasporti', '??????????????', '??? ? ??? ?? ?????', '?????? ????', 'turpis album', 0x646166746172207472616e73706f7274, '????', '?? ??'),
('167', 'add_transport', 'add transport', '?????? ??? ????', 'añadir el transporte', '????? ?????', 'voeg vervoer', '???????? ?????????', '????', 'tasima ekle', 'adicionar transporte', 'hozzá a közlekedés', 'ajouter transports', 'p??s??ste µetaf????', 'add-Transport', 'aggiungere il trasporto', '?????????????', '??? ? ??? ????', '?????? ????', 'adde onerariis', 0x74616d6261686b616e207472616e73706f7274617369, '??????????', '??? ??'),
('168', 'route_name', 'route name', '??? ???', 'nombre de la ruta', '??? ?????', 'naam van de route', '??? ???????', '????', 'rota ismi', 'nome da rota', 'útvonal nevét', 'nom de la route', '???µa d?ad??µ??', 'Routennamen', 'nome del percorso', '???????????', '????? ???', '????? ?? ???', 'iter nomine', 0x4e616d612072757465, '??????', '?? ??'),
('169', 'number_of_vehicle', 'number of vehicle', '?????? ??????', 'número de vehículo', '??? ?? ????????', 'aantal voertuigkilometers', '?????????? ??????????', '?????', 'Aracin sayisi', 'número de veículo', 'számú gépjármu', 'nombre de véhicules', 'a???µ?? t?? ???µ?t??', 'Anzahl der Fahrzeug', 'numero di veicolo', '????????????????', '???? ?? ?????', '???? ?? ??????', 'de numero scilicet vehiculum', 0x6a756d6c6168206b656e64617261616e, '????', '??? ?'),
('170', 'route_fare', 'route fare', '??? ?????', 'ruta hacer', '?????? ????', 'route doen', '??????? ??????', '???', 'yol yapmak', 'rota fazer', 'útvonal do', 'itinéraire faire', 'd?ad??µ? ???e?', 'Route zu tun', 'r', '?????????', '????? ????', '????? ????', 'iter faciunt,', 0x72757465206c616b756b616e, '????', '??? ?'),
('171', 'edit_transport', 'edit transport', '???????? ??????', 'transporte de edición', '????? ?????', 'vervoer bewerken', '??????? ?????????', '????', 'edit ulasim', 'edição transporte', 'szerkesztés szállítás', 'transport modifier', 'edit µetaf????', 'edit Transport', 'modifica dei trasporti', '?????????????', '????? ??? ? ???', '??????? ??????', 'edit onerariis', 0x6d656e6765646974207472616e73706f7274617369, '????', '?? ??'),
('172', 'manage_dormitory', 'manage dormitory', '??????? ? ????????', 'gestionar dormitorio', '????? ????', 'beheren slaapzaal', '????????? ?????????', '????', 'yurt yönetmek', 'gerenciar dormitório', 'kezelni kollégiumi', 'gérer dortoir', 'd?a?e???s? ???t??a', 'Schlafsaal verwalten', 'gestione dormitorio', '???????????', '??????? ?? ??????', '????????? ?? ???????', 'curo dormitorio', 0x6d656e67656c6f6c6120617372616d61, '????', '???? ??'),
('173', 'dormitory_list', 'dormitory list', '??????? ??????', 'lista dormitorio', '????? ????', 'slaapzaal lijst', '?????? ?????????', '????', 'yurt listesi', 'lista dormitório', 'kollégiumi lista', 'liste de dortoir', '??sta ???t??a', 'Schlafsaal Liste', 'elenco dormitorio', '????????????', '??????? ?????', '????????? ????', 'dormitorium album', 0x64616674617220617372616d61, '?????', '??? ??'),
('174', 'add_dormitory', 'add dormitory', '??????? ???', 'añadir dormitorio', '????? ????', 'voeg slaapzaal', '???????? ?????????', '????', 'yurt ekle', 'adicionar dormitório', 'hozzá kollégiumi', 'ajouter dortoir', 'p??s???? ???t??a', 'Schlaf hinzufügen', 'aggiungere dormitorio', '??????????', '??????? ????', '????????? ????', 'adde dormitorio', 0x6d656e616d6261686b616e20617372616d61, '????', '???? ??'),
('175', 'dormitory_name', 'dormitory name', '??????? ???', 'Nombre del dormitorio', '??? ??????', 'slaapzaal naam', '??? ?????????', '???', 'yurt adi', 'nome dormitório', 'kollégiumi név', 'nom de dortoir', '???µa ???t??a', 'Schlaf Namen', 'Nome dormitorio', '?????????', '??????? ???', '????????? ???', 'dormitorium nomine', 0x4e616d6120617372616d61, '??', '??? ??'),
('176', 'number_of_room', 'number of room', '???? ??????', 'número de habitación', '??? ?????', 'aantal kamer', '????? ???????', '????', 'oda sayisi', 'número de quarto', 'száma szobában', 'nombre de salle', 't?? a???µ? t?? d?µat???', 'Anzahl der Zimmer', 'numero delle camera', '????????????', '???? ?? ?????', '???? ?? ??????', 'numerus locus', 0x4a756d6c6168206b616d6172, '????', '?? ?'),
('177', 'manage_noticeboard', 'manage noticeboard', '?????????? ????????', 'gestionar tablón de anuncios', '????? ???????', 'beheren prikbord', '????????? ????? ??????????', '????', 'Noticeboard yönetmek', 'gerenciar avisos', 'kezelni üzenofalán', 'gérer panneau d\'affichage', 'd?a?e???s? a?a?????se??', 'Brett verwalten', 'gestione bacheca', '????????????????', 'noticeboard ?? ??????', 'Noticeboard ?? ???????', 'curo noticeboard', 0x6d656e67656c6f6c612070656e67756d756d616e, '??????', '? noticeboard ??'),
('178', 'noticeboard_list', 'noticeboard list', '?????????? ??????', 'tablón de anuncios de la lista', '????? ???????', 'prikbord lijst', '?????? ????? ??? ??????????', '????', 'noticeboard listesi', 'lista de avisos', 'üzenofalán lista', 'liste de panneau d\'affichage', '??sta a?a?????se??', 'Brett-Liste', 'elenco bacheca', '????????????????', 'noticeboard ?????', 'Noticeboard ????', 'noticeboard album', 0x6461667461722070656e67756d756d616e, '?????', '? noticeboard ??'),
('179', 'add_noticeboard', 'add noticeboard', '?????????? ???', 'añadir tablón de anuncios', '????? ???????', 'voeg prikbord', '???????? ????? ??????????', '????', 'Noticeboard ekle', 'adicionar avisos', 'hozzá üzenofalán', 'ajouter panneau d\'affichage', 'p??s???? a?a?????se??', 'Brett hinzufügen', 'aggiungere bacheca', '???????????????', 'noticeboard ????', 'Noticeboard ????', 'adde noticeboard', 0x6d656e616d6261686b616e2070656e67756d756d616e, '??????', '? noticeboard ??'),
('180', 'notice', 'notice', '?????????', 'aviso', '?????', 'kennisgeving', '???????????', '??', 'uyari', 'aviso', 'értesítés', 'délai', 'e?d?p???s?', 'Bekanntmachung', 'avviso', '???????????', '????', '?????', 'Observa', 0x70656d6265726974616875616e, '??', '??'),
('181', 'add_notice', 'add notice', '????? ??? ????', 'añadir aviso', '????? ?????', 'voeg bericht', '???????? ???????????', '????', 'haber ekle', 'adicionar aviso', 'hozzá értesítés', 'ajouter un avis', 'p??s??ste a?a?????s?', 'Hinweis hinzufügen', 'aggiungere preavviso', '????????????????????????', '???? ?? ????? ????', '????? ????', 'addunt et titulum', 0x74616d6261686b616e2070656d6265726974616875616e, '?????', '??? ??'),
('182', 'edit_noticeboard', 'edit noticeboard', '???????? ??????????', 'edit tablón de anuncios', '????? ???????', 'bewerk prikbord', '??????? ????? ??? ??????????', '????', 'edit noticeboard', 'edição de avisos', 'szerkesztés üzenofalán', 'modifier panneau d\'affichage', 'edit a?a?????se??', 'Brett bearbeiten', 'modifica bacheca', '???????????????', '??? ????? ???? noticeboard', '??????? Noticeboard', 'edit noticeboard', 0x6d656e67656469742070656e67756d756d616e, '?????', '??? noticeboard'),
('183', 'system_name', 'system name', '????????? ???', 'Nombre del sistema', '??? ??????', 'Name System', '??? ???????', '????', 'sistemi adi', 'nome do sistema', 'rendszer neve', 'nom du système', '???µa t?? s?st?µat??', 'Systemnamen', 'nome del sistema', '????????', '???? ?? ???', '?????? ???', 'ratio nominis', 0x4e616d612073697374656d, '?????', '??? ??'),
('184', 'save', 'save', '?????', 'guardar', '???', 'besparen', '?????????', '??', 'kurtarmak', 'salvar', 'kivéve', 'sauver', 'e?t??', 'sparen', 'salvare', '???????', '?? ????? ??', '?????', 'salvum', 0x6d656e79696d70616e, '??', '??'),
('185', 'system_title', 'system title', '??????? ???????', 'Título de sistema', '????? ??????', 'systeem titel', '???????? ???????', '????', 'Sistem baslik', 'título sistema', 'rendszer cím', 'titre du système', '??t??? t?? s?st?µat??', 'System-Titel', 'titolo di sistema', '????????', '???? ?????', '?????? ??????', 'ratio title', 0x7469746c652073697374656d, '?????????', '??? ??'),
('186', 'paypal_email', 'paypal email', 'PayPal ?????', 'paypal email', '??? ??? ?????? ??????????', 'paypal e-mail', 'PayPal ?? ??????????? ?????', 'PayPal????', 'paypal e-posta', 'paypal e-mail', 'paypal email', 'paypal email', 'paypal ??e?t?????? ta??d??µe??', 'paypal E-Mail', 'paypal-mail', 'paypal ??????', '?? ??? ?? ???', '????? ????', 'Paypal email', 0x656d61696c2070617970616c, 'Paypal????', '??? ???'),
('187', 'currency', 'currency', '??????', 'moneda', '????', 'valuta', '??????', '??', 'para', 'moeda', 'valuta', 'monnaie', '??µ?sµa', 'Währung', 'valuta', '???????', '?????', '??????', 'currency', 0x6d6174612075616e67, '??', '??'),
('188', 'phrase_list', 'phrase list', '????? ??????', 'lista de frases', '????? ????', 'zinnenlijst', '?????? ?????', '????', 'ifade listesi', 'lista de frases', 'kifejezés lista', 'liste de phrase', '??sta f??s?', 'Phrasenliste', 'elenco frasi', '?????????', '???? ?????', '???????? ????', 'dicitur album', 0x446166746172206672617365, '???????', '?? ??'),
('189', 'add_phrase', 'add phrase', '????????? ?????', 'añadir la frase', '????? ?????', 'voeg zin', '???????? ?????', '????', 'ifade eklemek', 'adicionar frase', 'adjunk kifejezést', 'ajouter la phrase', 'p??s??ste f??s?', 'Begriff hinzufügen', 'aggiungere la frase', '????????', '???? ????', '???????? ??????', 'addere phrase', 0x6d656e616d6261686b616e206672617365, '???????', '??? ??'),
('190', 'add_language', 'add language', '???? ?????', 'añadir idioma', '????? ???', 'add taal', '???????? ????', '????', 'dil ekle', 'adicionar língua', 'nyelv hozzáadása', 'ajouter la langue', 'p??s??ste ???ssa', 'Sprache hinzufügen', 'aggiungere la lingua', '?????????', '???? ?? ????', '???? ??????', 'addere verbis', 0x6d656e616d6261686b616e20626168617361, '?????', '??? ??'),
('191', 'phrase', 'phrase', '?????', 'frase', '???????', 'frase', '?????', '??', 'ifade', 'frase', 'kifejezés', 'phrase', 'f??s?', 'Ausdruck', 'frase', '???', '????', '????????', 'phrase', 0x6672617361, '????', '?'),
('192', 'manage_backup_restore', 'manage backup restore', '??????? ?????????? ? ????????', 'gestionar copias de seguridad a restaurar', '????? ??????? ????? ?????????', 'beheer van back-up herstellen', '????????? ???????????? ?????????? ???????????', '??????', 'yedekleme geri yönetmek', 'gerenciar o backup de restauração', 'kezelni a biztonsági mentés visszaállítása', 'gérer de restauration de sauvegarde', 'd?a?e???s? epa?af???? a?t????f?? asfa?e?a?', 'verwalten Backup wiederherstellen', 'gestire il ripristino di backup', '????????????????????????????', '??? ?? ???? ??????', '????? ???? ?? ???????', 'curo tergum restituunt', 0x6d656e67656c6f6c61206261636b757020726573746f7265, '??????????????', '?? ?? ??'),
('193', 'restore', 'restore', '?????????? ???', 'restaurar', '???????', 'herstellen', '??????????????', '??', 'geri', 'restaurar', 'visszaad', 'restaurer', 'epa?af??ete', 'wiederherstellen', 'ripristinare', '??????', '????', '????', 'reddite', 0x6d656e67656d62616c696b616e, '????', '??'),
('194', 'mark', 'mark', '???', 'marca', '?????', 'mark', '????', '??', 'isaret', 'marca', 'jel', 'marque', 's?µ?d?', 'Marke', 'marchio', '???????????', '????', '?????', 'Marcus', 0x74616e6461, '???', '?'),
('195', 'grade', 'grade', '?????', 'grado', '????', 'graad', '?????', '??', 'sinif', 'grau', 'fokozat', 'grade', 'ßa?µ??', 'Klasse', 'grado', '????', '????', '?????', 'gradus,', 0x6b656c6173, '????', '??'),
('196', 'invoice', 'invoice', '?????', 'factura', '??????', 'factuur', '????-???????', '??', 'fatura', 'fatura', 'számla', 'facture', 't?µ??????', 'Rechnung', 'fattura', '?????????????', '??????', '????', 'cautionem', 0x66616b747572, '?????', '??'),
('197', 'book', 'book', '??', 'libro', '????', 'boek', '?????', '?', 'kitap', 'livro', 'könyv', 'livre', 'ß?ß???', 'Buch', 'libro', '???????', '????', '?????', 'Liber', 0x62756b75, '?', '?'),
('198', 'all', 'all', '??', 'todo', '??', 'alle', '???', '??', 'tüm', 'tudo', 'minden', 'tout', '??a', 'alle', 'tutto', '???????', '????', '??', 'omnes', 0x73656d7561, '???', '??'),
('199', 'upload_&_restore_from_backup', 'upload & restore from backup', '????? &amp; ??????? ???? ??????????', 'cargar y restaurar copia de seguridad', '????? ???????? ?? ?????? ??????????', 'uploaden en terugzetten van een backup', '????????? ? ???????????? ?? ????????? ?????', '?????????', 'yükleyebilir ve yedekten geri yükleme', 'fazer upload e restauração de backup', 'feltölteni és visszaállítani backup', 'télécharger et restauration de la sauvegarde', 'a?eß?sete ?a? epa?af??? ap? backup', 'Upload &amp; Wiederherstellung von Backups', 'caricare e ripristinare dal backup', '???????????????????????????????????', '?? ??? ???? ??? ??? ?? ?? ????', '????? ?? ????? ?? ????', 'restituo ex tergum upload,', 0x6d656e672d75706c6f61642026616d703b20726573746f72652064617269206261636b7570, '??????&??????????', '??? ? ???? ??'),
('200', 'manage_profile', 'manage profile', '????????? ????????', 'gestionar el perfil', '????? ????? ??????', 'te beheren!', '????????? ????????', '??????', 'profilini yönetmek', 'gerenciar o perfil', 'Profil kezelése', 'gérer le profil', 'd?a?e???ste?te t? p??f??', 'Profil verwalten', 'gestire il profilo', '????????????????', '??????? ?? ??? ????', '???????? ?? ???????', 'curo profile', 0x6d656e67656c6f6c612070726f66696c, '??????(????)???', '??? (? ??) ??'),
('201', 'update_profile', 'update profile', '???????? ?????', 'actualizar el perfil', '????? ????? ??????', 'Profiel bijwerken', '???????? ???????', '??????', 'profilinizi güncelleyin', 'atualizar o perfil', 'frissíteni profil', 'mettre à jour le profil', 'e??µe??sete t? p??f??', 'Profil aktualisieren', 'aggiornare il profilo', '?????????????', '??????? ?? ?? ???', '????????? ?????', 'magna eget ipsum', 0x6d656d70657262617275692070726f66696c, '?????????', '???? ????'),
('202', 'new_password', 'new password', '???? ??????????', 'nueva contraseña', '???? ???? ?????', 'nieuw wachtwoord', '????? ??????', '???', 'Yeni sifre', 'nova senha', 'Új jelszó', 'nouveau mot de passe', '??? ??d???', 'Neues Passwort', 'nuova password', '????????????', '??? ??? ???', '??? ???????', 'novum password', 0x6b6174612073616e64692062617275, '????????', '? ??'),
('203', 'confirm_new_password', 'confirm new password', '???? ?????????? ??????? ????', 'confirmar nueva contraseña', '????? ???? ?????? ???????', 'Bevestig nieuw wachtwoord', '??????????? ????? ??????', '?????', 'yeni parolayi onaylayin', 'confirmar nova senha', 'erosítse meg az új jelszót', 'confirmer le nouveau mot de passe', 'ep?ßeßa??sete t? ??? ??d???', 'Bestätigen eines neuen Kennwortes', 'conferma la nuova password', '??????????????????', '??? ??? ??? ?? ?????', '?? ??????? ?? ??????', 'confirma novum password', 0x6b6f6e6669726d6173692070617373776f72642062617275, '???????????', '? ??? ?????'),
('204', 'update_password', 'update password', '?????????? ?????', 'actualizar la contraseña', '????? ???? ????', 'updaten wachtwoord', '???????? ??????', '????', 'Parolanizi güncellemek', 'atualizar senha', 'frissíti jelszó', 'mettre à jour le mot de passe', 'e??µe??sete t?? ??d??? p??sßas??', 'Kennwort aktualisieren', 'aggiornare la password', '????????????????', '??? ?? ???', '??????? ??????', 'scelerisque eget', 0x6d656d70657262617275692073616e6469, '????????', '??? ????'),
('205', 'teacher_dashboard', 'teacher dashboard', '?????? ??????????', 'tablero maestro', '???? ????? ?????? ??????', 'leraar dashboard', '??????? ????????? ??????', '?????', 'ögretmen pano', 'dashboard professor', 'tanár muszerfal', 'enseignant tableau de bord', 'taµp?? t?? e?pa?de?t????', 'Lehrer-Dashboard', 'dashboard insegnante', '?????????', '????? ??? ????', '?????? ????????', 'magister Dashboard', 0x64617368626f6172642067757275, '??????????', '?? ?? ??'),
('206', 'backup_restore_help', 'backup restore help', '??????? ?????????? ???????', 'copia de seguridad restaurar ayuda', '??????? ????? ????????? ????????', 'backup helpen herstellen', '???????????? ????????? ????? ??????', '???????', 'yedekleme yardim geri', 'de backup restaurar ajuda', 'Backup Restore segítségével', 'restauration de sauvegarde de l\'aide', 'epa?af???? a?t????f?? asfa?e?a? ß???e?a', 'Backup wiederherstellen Hilfe', 'Backup Restore aiuto', '???????????????????????????????????', '??? ?? ?? ??? ????', '????? ??? ????', 'auxilium tergum restituunt', 0x6261636b757020726573746f72652062616e7475616e, '????????????', '?? ??? ??'),
('207', 'student_dashboard', 'student dashboard', '????? ??????????', 'salpicadero estudiante', '???? ??????? ????????', 'student dashboard', '??????? ????????? ??????', '??????', 'Ögrenci paneli', 'dashboard estudante', 'tanuló muszerfal', 'tableau de bord de l\'élève', 'taµp?? t?? f??t?t??', 'Schüler Armaturenbrett', 'studente dashboard', '?????????????????', '???? ??? ?? ??? ????', '????? ????????', 'Discipulus Dashboard', 0x64617368626f617264206d6168617369737761, '??????????', '?? ?? ??'),
('208', 'parent_dashboard', 'parent dashboard', '??????? ??????????', 'salpicadero padres', '???? ????? ?????? ????', 'ouder dashboard', '???????? ????????? ??????', '?????', 'ebeveyn kontrol paneli', 'dashboard pai', 'szülo muszerfal', 'parent tableau de bord', 'µ?t???? taµp??', 'Mutter Armaturenbrett', 'dashboard genitore', '?????????????????????', '?????? ?? ??? ????', '???? - ???? ????????', 'Dashboard parent', 0x6f72616e677475612064617368626f617264, '?????', '?? ?? ??'),
('209', 'view_marks', 'view marks', '????? ?????', 'Vista marcas', '?????? ???', 'view merken', '??? ?????', '????', 'görünümü isaretleri', 'vista marcas', 'view jelek', 'Vue marques', 's?µata ?p???', 'Ansicht Marken', 'Vista marchi', '?????????????????', '?????? ??????', '????? ?? ?????', 'propter signa', 0x6c696861742074616e6461, '??????', '?? ??'),
('210', 'delete_language', 'delete language', '???? ?????', 'eliminar el lenguaje', '??? ?????', 'verwijderen taal', '??????? ????', '????', 'dili silme', 'excluir língua', 'törlése nyelv', 'supprimer la langue', 'd?a??af? ???ssa', 'Sprache löschen', 'eliminare lingua', '??????', '???? ?? ???? ?? ???', '???? ?? ?????', 'linguam turpis', 0x6d656e67686170757320626168617361, '???????', '??? ??'),
('211', 'settings_updated', 'settings updated', '?????? ?????', 'configuración actualizado', '????????? ???????', 'instellingen bijgewerkt', '????????? ?????????', '????', 'ayarlari güncellendi', 'definições atualizadas', 'beállítások frissítve', 'paramètres mis à jour', '???µ?se?? e??µ???s?', 'Einstellungen aktualisiert', 'impostazioni aggiornate', '?????????????????????', '??????? ?? ???? ????', '???????? ??????', 'venenatis eu', 0x70656e6761747572616e2064697065726261727569, '?????', '??? ????'),
('212', 'update_phrase', 'update phrase', '????? ?????', 'actualización de la frase', '????? ???????', 'Update zin', '?????????? ?????', '????', 'güncelleme ifade', 'atualização frase', 'frissítést kifejezés', 'mise à jour phrase', 'e??µ???s? f??s?', 'Update Begriff', 'aggiornamento frase', '???????????', '?? ??? ????', '?????? ????????', 'eget dictum', 0x66726173652070656d62617275616e, '??????', '???? ??'),
('213', 'login_failed', 'login failed', '???? ?????? ??????', 'Error de acceso', '??? ????? ??????', 'inloggen is mislukt', '?????? ?????', '????', 'giris basarisiz oldu', 'Falha no login', 'bejelentkezés sikertelen', 'Échec de la connexion', '??s?d?? ap?t??e', 'Fehler bei der Anmeldung', 'Accesso non riuscito', '??????????????????', '??? ?? ?????', '????? ????', 'tincidunt defecit', 0x4c6f67696e20676167616c, '???????????', '??? ??'),
('214', 'live_chat', 'live chat', '???? ?????', 'chat en vivo', '??????? ?????', 'live chat', '??????-???', '????', 'canli sohbet', 'chat ao vivo', 'élo chat', 'chat en direct', 'live chat', 'Live-Chat', 'live chat', '?????????', '????? ???', '???? ???', 'Vivamus nibh', 0x6c6976652063686174, '???????', '??? ??'),
('215', 'client 1', 'client 1', '???????????? 1', 'cliente 1', '?????? 1', 'client 1', '?????? 1', '???1', 'istemcisi 1', 'cliente 1', 'ügyfél 1', 'client 1', 'pe??t? 1', 'Client 1', 'client 1', '?????? 1', '?????? 1', '?????? 1', 'I huius', 0x636c69656e742031, '??????1', '????? 1'),
('216', 'buyer', 'buyer', '??????', 'comprador', '????', 'koper', '??????????', '??', 'alici', 'comprador', 'vevo', 'acheteur', 'a???ast??', 'Käufer', 'compratore', '???????', '??????', '???????', 'qui emit,', 0x70656d62656c69, '????', '???'),
('217', 'purchase_code', 'purchase code', '????? ???', 'código de compra', '??? ??????', 'aankoop code', '??????? ???', '????', 'satin alma kodu', 'código de compra', 'vásárlási kódot', 'code d\'achat', '??d???? a????', 'Kauf-Code', 'codice di acquisto', '???????????????', '??????? ?? ???', '???? ???', 'Mauris euismod', 0x6b6f64652070656d62656c69616e, '?????', '?? ??'),
('218', 'system_email', 'system email', '??????? ?????', 'correo electrónico del sistema', '???? ?????? ??????????', 'systeem e-mail', '??????? ??????????? ?????', '????', 'sistem e-posta', 'e-mail do sistema', 'a rendszer az e-mail', 'email de système', 'e-mail s?st?µat??', 'E-Mail-System', 'email sistema', '??????????', '???? ?? ?? ???', '??????? ????', 'Praesent sit amet', 0x656d61696c2073697374656d, '??????????', '??? ?? ??'),
('219', 'option', 'option', '??????', 'opción', '????', 'optie', '???????', '??', 'seçenek', 'opção', 'opció', 'option', 'ep?????', 'Option', 'opzione', '???????????', '????', '??????', 'optio', 0x70696c6968616e, '?????', '???'),
('220', 'edit_phrase', 'edit phrase', '???????? ?????', 'edit frase', '????? ???????', 'bewerk zin', '??????? ?????', '???', 'edit ifade', 'edição frase', 'szerkesztés kifejezés', 'modifier phrase', 'edit f??s?', 'edit Begriff', 'modifica frase', '????????', '????? ?? ????', '??????? ????????', 'edit phrase', 0x6d656e6765646974206672617365, '??????', '?? ?'),
('221', 'forgot_your_password', 'Forgot Your Password', '', '', '', '', '', '', '', '', '', '', '', '', '', '', '', '', '', '', '', ''),
('222', 'forgot_password', 'Forgot Password', '', '', '', '', '', '', '', '', '', '', '', '', '', '', '', '', '', '', '', ''),
('223', 'back_to_login', 'Back To Login', '', '', '', '', '', '', '', '', '', '', '', '', '', '', '', '', '', '', '', ''),
('224', 'return_to_login_page', 'Return to Login Page', '', '', '', '', '', '', '', '', '', '', '', '', '', '', '', '', '', '', '', ''),
('225', 'admit_student', 'Admit Student', '', '', '', '', '', '', '', '', '', '', '', '', '', '', '', '', '', '', '', ''),
('226', 'admit_bulk_student', 'Admit Bulk Student', '', '', '', '', '', '', '', '', '', '', '', '', '', '', '', '', '', '', '', ''),
('227', 'student_information', 'Student Information', '', '', '', '', '', '', '', '', '', '', '', '', '', '', '', '', '', '', '', ''),
('228', 'student_marksheet', 'Student Mark Sheet', '', '', '', '', '', '', '', '', '', '', '', '', '', '', '', '', '', '', '', ''),
('229', 'daily_attendance', 'Daily Attendance', '', '', '', '', '', '', '', '', '', '', '', '', '', '', '', '', '', '', '', ''),
('230', 'exam_grades', '', '', '', '', '', '', '', '', '', '', '', '', '', '', '', '', '', '', '', '', ''),
('231', 'message', '', '', '', '', '', '', '', '', '', '', '', '', '', '', '', '', '', '', '', '', ''),
('232', 'general_settings', '', '', '', '', '', '', '', '', '', '', '', '', '', '', '', '', '', '', '', '', ''),
('233', 'language_settings', '', '', '', '', '', '', '', '', '', '', '', '', '', '', '', '', '', '', '', '', ''),
('234', 'edit_profile', '', '', '', '', '', '', '', '', '', '', '', '', '', '', '', '', '', '', '', '', ''),
('235', 'event_schedule', '', '', '', '', '', '', '', '', '', '', '', '', '', '', '', '', '', '', '', '', ''),
('236', 'cancel', '', '', '', '', '', '', '', '', '', '', '', '', '', '', '', '', '', '', '', '', ''),
('237', 'addmission_form', '', '', '', '', '', '', '', '', '', '', '', '', '', '', '', '', '', '', '', '', ''),
('238', 'value_required', '', '', '', '', '', '', '', '', '', '', '', '', '', '', '', '', '', '', '', '', ''),
('239', 'select', '', '', '', '', '', '', '', '', '', '', '', '', '', '', '', '', '', '', '', '', ''),
('240', 'gender', '', '', '', '', '', '', '', '', '', '', '', '', '', '', '', '', '', '', '', '', ''),
('241', 'add_bulk_student', '', '', '', '', '', '', '', '', '', '', '', '', '', '', '', '', '', '', '', '', ''),
('242', 'student_bulk_add_form', '', '', '', '', '', '', '', '', '', '', '', '', '', '', '', '', '', '', '', '', ''),
('243', 'select_excel_file', '', '', '', '', '', '', '', '', '', '', '', '', '', '', '', '', '', '', '', '', ''),
('244', 'upload_and_import', '', '', '', '', '', '', '', '', '', '', '', '', '', '', '', '', '', '', '', '', ''),
('245', 'manage_classes', '', '', '', '', '', '', '', '', '', '', '', '', '', '', '', '', '', '', '', '', ''),
('246', 'manage_sections', '', '', '', '', '', '', '', '', '', '', '', '', '', '', '', '', '', '', '', '', ''),
('247', 'add_new_teacher', '', '', '', '', '', '', '', '', '', '', '', '', '', '', '', '', '', '', '', '', ''),
('248', 'section_name', '', '', '', '', '', '', '', '', '', '', '', '', '', '', '', '', '', '', '', '', ''),
('249', 'nick_name', '', '', '', '', '', '', '', '', '', '', '', '', '', '', '', '', '', '', '', '', ''),
('250', 'add_new_section', '', '', '', '', '', '', '', '', '', '', '', '', '', '', '', '', '', '', '', '', ''),
('251', 'add_section', '', '', '', '', '', '', '', '', '', '', '', '', '', '', '', '', '', '', '', '', ''),
('252', 'update', '', '', '', '', '', '', '', '', '', '', '', '', '', '', '', '', '', '', '', '', ''),
('253', 'section', '', '', '', '', '', '', '', '', '', '', '', '', '', '', '', '', '', '', '', '', ''),
('254', 'select_class_first', '', '', '', '', '', '', '', '', '', '', '', '', '', '', '', '', '', '', '', '', ''),
('255', 'parent_information', '', '', '', '', '', '', '', '', '', '', '', '', '', '', '', '', '', '', '', '', ''),
('256', 'relation', '', '', '', '', '', '', '', '', '', '', '', '', '', '', '', '', '', '', '', '', ''),
('257', 'add_form', '', '', '', '', '', '', '', '', '', '', '', '', '', '', '', '', '', '', '', '', ''),
('258', 'all_parents', '', '', '', '', '', '', '', '', '', '', '', '', '', '', '', '', '', '', '', '', ''),
('259', 'parents', '', '', '', '', '', '', '', '', '', '', '', '', '', '', '', '', '', '', '', '', ''),
('260', 'add_new_parent', '', '', '', '', '', '', '', '', '', '', '', '', '', '', '', '', '', '', '', '', ''),
('261', 'add_new_student', '', '', '', '', '', '', '', '', '', '', '', '', '', '', '', '', '', '', '', '', ''),
('262', 'all_students', '', '', '', '', '', '', '', '', '', '', '', '', '', '', '', '', '', '', '', '', ''),
('263', 'view_marksheet', '', '', '', '', '', '', '', '', '', '', '', '', '', '', '', '', '', '', '', '', ''),
('264', 'text_align', '', '', '', '', '', '', '', '', '', '', '', '', '', '', '', '', '', '', '', '', ''),
('265', 'clickatell_username', '', '', '', '', '', '', '', '', '', '', '', '', '', '', '', '', '', '', '', '', ''),
('266', 'clickatell_password', '', '', '', '', '', '', '', '', '', '', '', '', '', '', '', '', '', '', '', '', ''),
('267', 'clickatell_api_id', '', '', '', '', '', '', '', '', '', '', '', '', '', '', '', '', '', '', '', '', ''),
('268', 'sms_settings', '', '', '', '', '', '', '', '', '', '', '', '', '', '', '', '', '', '', '', '', ''),
('269', 'data_updated', '', '', '', '', '', '', '', '', '', '', '', '', '', '', '', '', '', '', '', '', ''),
('270', 'data_added_successfully', '', '', '', '', '', '', '', '', '', '', '', '', '', '', '', '', '', '', '', '', ''),
('271', 'edit_notice', '', '', '', '', '', '', '', '', '', '', '', '', '', '', '', '', '', '', '', '', ''),
('272', 'private_messaging', '', '', '', '', '', '', '', '', '', '', '', '', '', '', '', '', '', '', '', '', ''),
('273', 'messages', '', '', '', '', '', '', '', '', '', '', '', '', '', '', '', '', '', '', '', '', ''),
('274', 'new_message', '', '', '', '', '', '', '', '', '', '', '', '', '', '', '', '', '', '', '', '', ''),
('275', 'write_new_message', '', '', '', '', '', '', '', '', '', '', '', '', '', '', '', '', '', '', '', '', ''),
('276', 'recipient', '', '', '', '', '', '', '', '', '', '', '', '', '', '', '', '', '', '', '', '', ''),
('277', 'select_a_user', '', '', '', '', '', '', '', '', '', '', '', '', '', '', '', '', '', '', '', '', ''),
('278', 'write_your_message', '', '', '', '', '', '', '', '', '', '', '', '', '', '', '', '', '', '', '', '', ''),
('279', 'send', '', '', '', '', '', '', '', '', '', '', '', '', '', '', '', '', '', '', '', '', ''),
('280', 'current_password', '', '', '', '', '', '', '', '', '', '', '', '', '', '', '', '', '', '', '', '', ''),
('281', 'exam_marks', '', '', '', '', '', '', '', '', '', '', '', '', '', '', '', '', '', '', '', '', ''),
('282', 'marks_obtained', '', '', '', '', '', '', '', '', '', '', '', '', '', '', '', '', '', '', '', '', ''),
('283', 'total_marks', '', '', '', '', '', '', '', '', '', '', '', '', '', '', '', '', '', '', '', '', ''),
('284', 'comments', '', '', '', '', '', '', '', '', '', '', '', '', '', '', '', '', '', '', '', '', ''),
('285', 'theme_settings', '', '', '', '', '', '', '', '', '', '', '', '', '', '', '', '', '', '', '', '', ''),
('286', 'select_theme', '', '', '', '', '', '', '', '', '', '', '', '', '', '', '', '', '', '', '', '', ''),
('287', 'theme_selected', '', '', '', '', '', '', '', '', '', '', '', '', '', '', '', '', '', '', '', '', ''),
('288', 'language_list', '', '', '', '', '', '', '', '', '', '', '', '', '', '', '', '', '', '', '', '', ''),
('289', 'payment_cancelled', '', '', '', '', '', '', '', '', '', '', '', '', '', '', '', '', '', '', '', '', ''),
('290', 'study_material', '', '', '', '', '', '', '', '', '', '', '', '', '', '', '', '', '', '', '', '', ''),
('291', 'download', '', '', '', '', '', '', '', '', '', '', '', '', '', '', '', '', '', '', '', '', ''),
('292', 'select_a_theme_to_make_changes', '', '', '', '', '', '', '', '', '', '', '', '', '', '', '', '', '', '', '', '', ''),
('293', 'manage_daily_attendance', '', '', '', '', '', '', '', '', '', '', '', '', '', '', '', '', '', '', '', '', ''),
('294', 'select_date', '', '', '', '', '', '', '', '', '', '', '', '', '', '', '', '', '', '', '', '', ''),
('295', 'select_month', '', '', '', '', '', '', '', '', '', '', '', '', '', '', '', '', '', '', '', '', ''),
('296', 'select_year', '', '', '', '', '', '', '', '', '', '', '', '', '', '', '', '', '', '', '', '', ''),
('297', 'manage_attendance', '', '', '', '', '', '', '', '', '', '', '', '', '', '', '', '', '', '', '', '', ''),
('298', 'twilio_account', '', '', '', '', '', '', '', '', '', '', '', '', '', '', '', '', '', '', '', '', ''),
('299', 'authentication_token', '', '', '', '', '', '', '', '', '', '', '', '', '', '', '', '', '', '', '', '', ''),
('300', 'registered_phone_number', '', '', '', '', '', '', '', '', '', '', '', '', '', '', '', '', '', '', '', '', ''),
('301', 'select_a_service', '', '', '', '', '', '', '', '', '', '', '', '', '', '', '', '', '', '', '', '', ''),
('302', 'active', '', '', '', '', '', '', '', '', '', '', '', '', '', '', '', '', '', '', '', '', ''),
('303', 'disable_sms_service', '', '', '', '', '', '', '', '', '', '', '', '', '', '', '', '', '', '', '', '', ''),
('304', 'not_selected', '', '', '', '', '', '', '', '', '', '', '', '', '', '', '', '', '', '', '', '', ''),
('305', 'disabled', '', '', '', '', '', '', '', '', '', '', '', '', '', '', '', '', '', '', '', '', ''),
('306', 'present', '', '', '', '', '', '', '', '', '', '', '', '', '', '', '', '', '', '', '', '', ''),
('307', 'absent', '', '', '', '', '', '', '', '', '', '', '', '', '', '', '', '', '', '', '', '', ''),
('308', 'accounting', '', '', '', '', '', '', '', '', '', '', '', '', '', '', '', '', '', '', '', '', ''),
('309', 'income', '', '', '', '', '', '', '', '', '', '', '', '', '', '', '', '', '', '', '', '', ''),
('310', 'expense', '', '', '', '', '', '', '', '', '', '', '', '', '', '', '', '', '', '', '', '', ''),
('311', 'incomes', '', '', '', '', '', '', '', '', '', '', '', '', '', '', '', '', '', '', '', '', ''),
('312', 'invoice_informations', '', '', '', '', '', '', '', '', '', '', '', '', '', '', '', '', '', '', '', '', ''),
('313', 'payment_informations', '', '', '', '', '', '', '', '', '', '', '', '', '', '', '', '', '', '', '', '', ''),
('314', 'total', '', '', '', '', '', '', '', '', '', '', '', '', '', '', '', '', '', '', '', '', ''),
('315', 'enter_total_amount', '', '', '', '', '', '', '', '', '', '', '', '', '', '', '', '', '', '', '', '', ''),
('316', 'enter_payment_amount', '', '', '', '', '', '', '', '', '', '', '', '', '', '', '', '', '', '', '', '', ''),
('317', 'payment_status', '', '', '', '', '', '', '', '', '', '', '', '', '', '', '', '', '', '', '', '', ''),
('318', 'method', '', '', '', '', '', '', '', '', '', '', '', '', '', '', '', '', '', '', '', '', ''),
('319', 'cash', '', '', '', '', '', '', '', '', '', '', '', '', '', '', '', '', '', '', '', '', ''),
('320', 'check', '', '', '', '', '', '', '', '', '', '', '', '', '', '', '', '', '', '', '', '', ''),
('321', 'card', '', '', '', '', '', '', '', '', '', '', '', '', '', '', '', '', '', '', '', '', ''),
('322', 'data_deleted', '', '', '', '', '', '', '', '', '', '', '', '', '', '', '', '', '', '', '', '', ''),
('323', 'total_amount', '', '', '', '', '', '', '', '', '', '', '', '', '', '', '', '', '', '', '', '', ''),
('324', 'take_payment', '', '', '', '', '', '', '', '', '', '', '', '', '', '', '', '', '', '', '', '', ''),
('325', 'payment_history', '', '', '', '', '', '', '', '', '', '', '', '', '', '', '', '', '', '', '', '', ''),
('326', 'amount_paid', '', '', '', '', '', '', '', '', '', '', '', '', '', '', '', '', '', '', '', '', ''),
('327', 'due', '', '', '', '', '', '', '', '', '', '', '', '', '', '', '', '', '', '', '', '', ''),
('328', 'payment_successfull', '', '', '', '', '', '', '', '', '', '', '', '', '', '', '', '', '', '', '', '', ''),
('329', 'creation_date', '', '', '', '', '', '', '', '', '', '', '', '', '', '', '', '', '', '', '', '', ''),
('330', 'invoice_entries', '', '', '', '', '', '', '', '', '', '', '', '', '', '', '', '', '', '', '', '', ''),
('331', 'paid_amount', '', '', '', '', '', '', '', '', '', '', '', '', '', '', '', '', '', '', '', '', ''),
('332', 'send_sms_to_all', '', '', '', '', '', '', '', '', '', '', '', '', '', '', '', '', '', '', '', '', ''),
('333', 'yes', '', '', '', '', '', '', '', '', '', '', '', '', '', '', '', '', '', '', '', '', ''),
('334', 'no', '', '', '', '', '', '', '', '', '', '', '', '', '', '', '', '', '', '', '', '', ''),
('335', 'activated', '', '', '', '', '', '', '', '', '', '', '', '', '', '', '', '', '', '', '', '', ''),
('336', 'sms_service_not_activated', '', '', '', '', '', '', '', '', '', '', '', '', '', '', '', '', '', '', '', '', ''),
('337', 'add_study_material', '', '', '', '', '', '', '', '', '', '', '', '', '', '', '', '', '', '', '', '', ''),
('338', 'file', '', '', '', '', '', '', '', '', '', '', '', '', '', '', '', '', '', '', '', '', ''),
('339', 'file_type', '', '', '', '', '', '', '', '', '', '', '', '', '', '', '', '', '', '', '', '', ''),
('340', 'select_file_type', '', '', '', '', '', '', '', '', '', '', '', '', '', '', '', '', '', '', '', '', ''),
('341', 'image', '', '', '', '', '', '', '', '', '', '', '', '', '', '', '', '', '', '', '', '', ''),
('342', 'doc', '', '', '', '', '', '', '', '', '', '', '', '', '', '', '', '', '', '', '', '', ''),
('343', 'pdf', '', '', '', '', '', '', '', '', '', '', '', '', '', '', '', '', '', '', '', '', ''),
('344', 'excel', '', '', '', '', '', '', '', '', '', '', '', '', '', '', '', '', '', '', '', '', ''),
('345', 'other', '', '', '', '', '', '', '', '', '', '', '', '', '', '', '', '', '', '', '', '', ''),
('346', 'expenses', '', '', '', '', '', '', '', '', '', '', '', '', '', '', '', '', '', '', '', '', ''),
('347', 'add_new_expense', '', '', '', '', '', '', '', '', '', '', '', '', '', '', '', '', '', '', '', '', ''),
('348', 'add_expense', '', '', '', '', '', '', '', '', '', '', '', '', '', '', '', '', '', '', '', '', ''),
('349', 'edit_expense', '', '', '', '', '', '', '', '', '', '', '', '', '', '', '', '', '', '', '', '', ''),
('350', 'total_mark', '', '', '', '', '', '', '', '', '', '', '', '', '', '', '', '', '', '', '', '', ''),
('351', 'send_marks_by_sms', '', '', '', '', '', '', '', '', '', '', '', '', '', '', '', '', '', '', '', '', ''),
('352', 'send_marks', '', '', '', '', '', '', '', '', '', '', '', '', '', '', '', '', '', '', '', '', ''),
('353', 'select_receiver', '', '', '', '', '', '', '', '', '', '', '', '', '', '', '', '', '', '', '', '', ''),
('354', 'students', '', '', '', '', '', '', '', '', '', '', '', '', '', '', '', '', '', '', '', '', ''),
('355', 'marks_of', '', '', '', '', '', '', '', '', '', '', '', '', '', '', '', '', '', '', '', '', ''),
('356', 'for', '', '', '', '', '', '', '', '', '', '', '', '', '', '', '', '', '', '', '', '', ''),
('357', 'message_sent', '', '', '', '', '', '', '', '', '', '', '', '', '', '', '', '', '', '', '', '', ''),
('358', 'expense_category', '', '', '', '', '', '', '', '', '', '', '', '', '', '', '', '', '', '', '', '', ''),
('359', 'add_new_expense_category', '', '', '', '', '', '', '', '', '', '', '', '', '', '', '', '', '', '', '', '', ''),
('360', 'add_expense_category', '', '', '', '', '', '', '', '', '', '', '', '', '', '', '', '', '', '', '', '', ''),
('361', 'category', '', '', '', '', '', '', '', '', '', '', '', '', '', '', '', '', '', '', '', '', ''),
('362', 'select_expense_category', '', '', '', '', '', '', '', '', '', '', '', '', '', '', '', '', '', '', '', '', ''),
('363', 'message_sent!', '', '', '', '', '', '', '', '', '', '', '', '', '', '', '', '', '', '', '', '', ''),
('364', 'reply_message', '', '', '', '', '', '', '', '', '', '', '', '', '', '', '', '', '', '', '', '', ''),
('365', 'account_updated', '', '', '', '', '', '', '', '', '', '', '', '', '', '', '', '', '', '', '', '', ''),
('366', 'upload_logo', '', '', '', '', '', '', '', '', '', '', '', '', '', '', '', '', '', '', '', '', ''),
('367', 'upload', 'Upload', '', '', '', '', '', '', '', '', '', '', '', '', '', '', '', '', '', '', '', ''),
('368', 'study_material_info_saved_successfuly', '', '', '', '', '', '', '', '', '', '', '', '', '', '', '', '', '', '', '', '', ''),
('369', 'edit_study_material', '', '', '', '', '', '', '', '', '', '', '', '', '', '', '', '', '', '', '', '', ''),
('370', 'default_theme', '', '', '', '', '', '', '', '', '', '', '', '', '', '', '', '', '', '', '', '', ''),
('371', 'default', '', '', '', '', '', '', '', '', '', '', '', '', '', '', '', '', '', '', '', '', ''),
('372', 'tabulation_sheet', '', '', '', '', '', '', '', '', '', '', '', '', '', '', '', '', '', '', '', '', ''),
('373', 'create_student_payment', '', '', '', '', '', '', '', '', '', '', '', '', '', '', '', '', '', '', '', '', ''),
('374', 'student_payments', '', '', '', '', '', '', '', '', '', '', '', '', '', '', '', '', '', '', '', '', ''),
('375', 'update_product', '', '', '', '', '', '', '', '', '', '', '', '', '', '', '', '', '', '', '', '', ''),
('376', 'install_update', '', '', '', '', '', '', '', '', '', '', '', '', '', '', '', '', '', '', '', '', ''),
('377', 'transport_route', '', '', '', '', '', '', '', '', '', '', '', '', '', '', '', '', '', '', '', '', ''),
('378', 'hour', '', '', '', '', '', '', '', '', '', '', '', '', '', '', '', '', '', '', '', '', ''),
('379', 'minutes', '', '', '', '', '', '', '', '', '', '', '', '', '', '', '', '', '', '', '', '', ''),
('380', 'password_updated', '', '', '', '', '', '', '', '', '', '', '', '', '', '', '', '', '', '', '', '', ''),
('381', 'create_single_invoice', '', '', '', '', '', '', '', '', '', '', '', '', '', '', '', '', '', '', '', '', ''),
('382', 'create_mass_invoice', '', '', '', '', '', '', '', '', '', '', '', '', '', '', '', '', '', '', '', '', ''),
('383', 'update_marks', '', '', '', '', '', '', '', '', '', '', '', '', '', '', '', '', '', '', '', '', ''),
('384', 'mark_sheet', '', '', '', '', '', '', '', '', '', '', '', '', '', '', '', '', '', '', '', '', ''),
('385', 'service_is_disabled', '', '', '', '', '', '', '', '', '', '', '', '', '', '', '', '', '', '', '', '', ''),
('386', 'view_tabulation_sheet', '', '', '', '', '', '', '', '', '', '', '', '', '', '', '', '', '', '', '', '', ''),
('387', 'subjects', '', '', '', '', '', '', '', '', '', '', '', '', '', '', '', '', '', '', '', '', ''),
('388', 'average_grade_point', '', '', '', '', '', '', '', '', '', '', '', '', '', '', '', '', '', '', '', '', ''),
('389', 'print_tabulation_sheet', '', '', '', '', '', '', '', '', '', '', '', '', '', '', '', '', '', '', '', '', ''),
('390', 'on', '', '', '', '', '', '', '', '', '', '', '', '', '', '', '', '', '', '', '', '', ''),
('391', 'marksheet_for', '', '', '', '', '', '', '', '', '', '', '', '', '', '', '', '', '', '', '', '', ''),
('392', 'print_marksheet', '', '', '', '', '', '', '', '', '', '', '', '', '', '', '', '', '', '', '', '', ''),
('393', 'unpaid_invoices', '', '', '', '', '', '', '', '', '', '', '', '', '', '', '', '', '', '', '', '', ''),
('394', 'select_all', '', '', '', '', '', '', '', '', '', '', '', '', '', '', '', '', '', '', '', '', ''),
('395', 'select_none', '', '', '', '', '', '', '', '', '', '', '', '', '', '', '', '', '', '', '', '', ''),
('396', 'update_p1rofile', '', '', '', '', '', '', '', '', '', '', '', '', '', '', '', '', '', '', '', '', ''),
('397', 'Disabled in Demo', '', '', '', '', '', '', '', '', '', '', '', '', '', '', '', '', '', '', '', '', ''),
('398', 'password_mismatch', '', '', '', '', '', '', '', '', '', '', '', '', '', '', '', '', '', '', '', '', ''),
('399', 'change_password (Disabled in Demo)', '', '', '', '', '', '', '', '', '', '', '', '', '', '', '', '', '', '', '', '', ''),
('400', 'edit (Disabled)', '', '', '', '', '', '', '', '', '', '', '', '', '', '', '', '', '', '', '', '', ''),
('401', 'delete (Disabled)', '', '', '', '', '', '', '', '', '', '', '', '', '', '', '', '', '', '', '', '', ''),
('402', 'edit (Disabled in Demo)', '', '', '', '', '', '', '', '', '', '', '', '', '', '', '', '', '', '', '', '', ''),
('403', 'delete (Disabled in Demo)', '', '', '', '', '', '', '', '', '', '', '', '', '', '', '', '', '', '', '', '', ''),
('404', 'edit (Disabled in demo)', '', '', '', '', '', '', '', '', '', '', '', '', '', '', '', '', '', '', '', '', ''),
('405', 'delete (Disabled in demo)', '', '', '', '', '', '', '', '', '', '', '', '', '', '', '', '', '', '', '', '', ''),
('406', 'edit (Disabled in demo)', '', '', '', '', '', '', '', '', '', '', '', '', '', '', '', '', '', '', '', '', ''),
('407', 'delete (Disabled in demo)', '', '', '', '', '', '', '', '', '', '', '', '', '', '', '', '', '', '', '', '', ''),
('408', 'edit (Disabled in demo)', '', '', '', '', '', '', '', '', '', '', '', '', '', '', '', '', '', '', '', '', ''),
('409', 'delete (Disabled in demo)', '', '', '', '', '', '', '', '', '', '', '', '', '', '', '', '', '', '', '', '', ''),
('410', 'edit (Disabled in demo)', '', '', '', '', '', '', '', '', '', '', '', '', '', '', '', '', '', '', '', '', ''),
('411', 'delete (Disabled in demo)', '', '', '', '', '', '', '', '', '', '', '', '', '', '', '', '', '', '', '', '', ''),
('412', 'admission_form', '', '', '', '', '', '', '', '', '', '', '', '', '', '', '', '', '', '', '', '', ''),
('413', 'class_id', '', '', '', '', '', '', '', '', '', '', '', '', '', '', '', '', '', '', '', '', ''),
('414', 'add_new_book', '', '', '', '', '', '', '', '', '', '', '', '', '', '', '', '', '', '', '', '', ''),
('415', 'Librarian', '', '', '', '', '', '', '', '', '', '', '', '', '', '', '', '', '', '', '', '', ''),
('416', 'Librarian: ', '', '', '', '', '', '', '', '', '', '', '', '', '', '', '', '', '', '', '', '', ''),
('417', '1', '', '', '', '', '', '', '', '', '', '', '', '', '', '', '', '', '', '', '', '', ''),
('418', 'James', '', '', '', '', '', '', '', '', '', '', '', '', '', '', '', '', '', '', '', '', ''),
('419', 'Librarian: James', '', '', '', '', '', '', '', '', '', '', '', '', '', '', '', '', '', '', '', '', ''),
('420', 'Librarian: James1', '', '', '', '', '', '', '', '', '', '', '', '', '', '', '', '', '', '', '', '', ''),
('421', 'Librarian: James Emmanuel M. Martinez', '', '', '', '', '', '', '', '', '', '', '', '', '', '', '', '', '', '', '', '', ''),
('422', 'Teacher', '', '', '', '', '', '', '', '', '', '', '', '', '', '', '', '', '', '', '', '', ''),
('423', 'Teacher', '', '', '', '', '', '', '', '', '', '', '', '', '', '', '', '', '', '', '', '', ''),
('424', 'Teacher', '', '', '', '', '', '', '', '', '', '', '', '', '', '', '', '', '', '', '', '', ''),
('425', 'Teacher', '', '', '', '', '', '', '', '', '', '', '', '', '', '', '', '', '', '', '', '', ''),
('426', 'Librarian: Shanu Thakur', '', '', '', '', '', '', '', '', '', '', '', '', '', '', '', '', '', '', '', '', ''),
('427', 'Teacher', '', '', '', '', '', '', '', '', '', '', '', '', '', '', '', '', '', '', '', '', ''),
('428', 'Teacher', '', '', '', '', '', '', '', '', '', '', '', '', '', '', '', '', '', '', '', '', ''),
('429', 'Librarian: Teacher One', '', '', '', '', '', '', '', '', '', '', '', '', '', '', '', '', '', '', '', '', ''),
('430', 'Teacher', '', '', '', '', '', '', '', '', '', '', '', '', '', '', '', '', '', '', '', '', ''),
('431', 'Teacher', '', '', '', '', '', '', '', '', '', '', '', '', '', '', '', '', '', '', '', '', '');

CREATE TABLE `librarian` (
   `librarian_id` int(11) not null auto_increment,
   `teacher_id` int(11),
   PRIMARY KEY (`librarian_id`)
) ENGINE=MyISAM DEFAULT CHARSET=utf8 AUTO_INCREMENT=2;

INSERT INTO `librarian` (`librarian_id`, `teacher_id`) VALUES 
('1', '2');

CREATE TABLE `mark` (
   `mark_id` int(11) not null auto_increment,
   `student_id` int(11) not null,
   `subject_id` int(11) not null,
   `class_id` int(11) not null,
   `exam_id` int(11) not null,
   `mark_obtained` int(11) not null default '0',
   `mark_total` int(11) not null default '100',
   `comment` longtext not null,
   PRIMARY KEY (`mark_id`)
) ENGINE=InnoDB DEFAULT CHARSET=utf8 AUTO_INCREMENT=79;

INSERT INTO `mark` (`mark_id`, `student_id`, `subject_id`, `class_id`, `exam_id`, `mark_obtained`, `mark_total`, `comment`) VALUES 
('1', '1', '1', '1', '1', '92', '100', 'Very Good'),
('2', '1', '2', '1', '1', '80', '100', 'Good'),
('3', '1', '3', '1', '1', '45', '100', 'Study Hard'),
('4', '2', '1', '1', '1', '45', '100', 'comments here'),
('5', '3', '1', '1', '1', '65', '100', 'comments here'),
('6', '4', '1', '1', '1', '78', '100', 'comments here'),
('7', '5', '1', '1', '1', '45', '100', 'comments here'),
('8', '6', '1', '1', '1', '98', '100', 'comments here'),
('9', '7', '1', '1', '1', '87', '100', 'comments here'),
('10', '8', '1', '1', '1', '66', '100', 'comments here'),
('11', '9', '1', '1', '1', '78', '100', 'comments here'),
('12', '10', '1', '1', '1', '54', '100', 'comments here'),
('13', '11', '1', '1', '1', '95', '100', 'comments here'),
('14', '12', '1', '1', '1', '54', '100', 'comments here'),
('15', '13', '1', '1', '1', '77', '100', 'comments here'),
('16', '14', '1', '1', '1', '48', '100', 'comments here'),
('17', '15', '1', '1', '1', '98', '100', 'comments here'),
('18', '16', '1', '1', '1', '55', '100', 'comments here'),
('19', '17', '1', '1', '1', '55', '100', 'comments here'),
('20', '18', '1', '1', '1', '78', '100', 'comments here'),
('21', '19', '1', '1', '1', '57', '100', 'comments here'),
('22', '20', '1', '1', '1', '78', '100', 'comments here'),
('23', '21', '1', '1', '1', '56', '100', 'comments here'),
('24', '22', '1', '1', '1', '57', '100', 'comments here'),
('25', '23', '1', '1', '1', '84', '100', 'comments here'),
('26', '24', '1', '1', '1', '86', '100', 'comments here'),
('27', '25', '1', '1', '1', '75', '100', 'comments here'),
('28', '26', '1', '1', '1', '85', '100', 'comments here'),
('29', '2', '2', '1', '1', '90', '100', 'comments here'),
('30', '3', '2', '1', '1', '45', '100', 'comments here'),
('31', '4', '2', '1', '1', '65', '100', 'comments here'),
('32', '5', '2', '1', '1', '67', '100', 'comments here'),
('33', '6', '2', '1', '1', '43', '100', 'comments here'),
('34', '7', '2', '1', '1', '94', '100', 'comments here'),
('35', '8', '2', '1', '1', '93', '100', 'comments here'),
('36', '9', '2', '1', '1', '57', '100', 'comments here'),
('37', '10', '2', '1', '1', '84', '100', 'comments here'),
('38', '11', '2', '1', '1', '83', '100', 'comments here'),
('39', '12', '2', '1', '1', '67', '100', 'comments here'),
('40', '13', '2', '1', '1', '43', '100', 'comments here'),
('41', '14', '2', '1', '1', '94', '100', 'comments here'),
('42', '15', '2', '1', '1', '73', '100', 'comments here'),
('43', '16', '2', '1', '1', '84', '100', 'comments here'),
('44', '17', '2', '1', '1', '46', '100', 'comments here'),
('45', '18', '2', '1', '1', '84', '100', 'comments here'),
('46', '19', '2', '1', '1', '46', '100', 'comments here'),
('47', '20', '2', '1', '1', '81', '100', 'comments here'),
('48', '21', '2', '1', '1', '74', '100', 'comments here'),
('49', '22', '2', '1', '1', '46', '100', 'comments here'),
('50', '23', '2', '1', '1', '74', '100', 'comments here'),
('51', '24', '2', '1', '1', '84', '100', 'comments here'),
('52', '25', '2', '1', '1', '47', '100', 'comments here'),
('53', '26', '2', '1', '1', '67', '100', 'comments here'),
('54', '2', '3', '1', '1', '64', '100', 'comments here'),
('55', '3', '3', '1', '1', '45', '100', 'comments here'),
('56', '4', '3', '1', '1', '78', '100', 'comments here'),
('57', '5', '3', '1', '1', '65', '100', 'comments here'),
('58', '6', '3', '1', '1', '22', '100', 'comments here'),
('59', '7', '3', '1', '1', '82', '100', 'comments here'),
('60', '8', '3', '1', '1', '48', '100', 'comments here'),
('61', '9', '3', '1', '1', '87', '100', 'comments here'),
('62', '10', '3', '1', '1', '81', '100', 'comments here'),
('63', '11', '3', '1', '1', '73', '100', 'comments here'),
('64', '12', '3', '1', '1', '66', '100', 'comments here'),
('65', '13', '3', '1', '1', '63', '100', 'comments here'),
('66', '14', '3', '1', '1', '43', '100', 'comments here'),
('67', '15', '3', '1', '1', '85', '100', 'comments here'),
('68', '16', '3', '1', '1', '46', '100', 'comments here'),
('69', '17', '3', '1', '1', '81', '100', 'comments here'),
('70', '18', '3', '1', '1', '83', '100', 'comments here'),
('71', '19', '3', '1', '1', '43', '100', 'comments here'),
('72', '20', '3', '1', '1', '41', '100', 'comments here'),
('73', '21', '3', '1', '1', '61', '100', 'comments here'),
('74', '22', '3', '1', '1', '53', '100', 'comments here'),
('75', '23', '3', '1', '1', '66', '100', 'comments here'),
('76', '24', '3', '1', '1', '77', '100', 'comments here'),
('77', '25', '3', '1', '1', '74', '100', 'comments here'),
('78', '26', '3', '1', '1', '46', '100', 'comments here');

CREATE TABLE `message` (
   `message_id` int(11) not null auto_increment,
   `message_thread_code` longtext not null,
   `message` longtext not null,
   `sender` longtext not null,
   `timestamp` longtext not null,
   `read_status` int(11) not null default '0',
   PRIMARY KEY (`message_id`)
) ENGINE=MyISAM DEFAULT CHARSET=latin1 AUTO_INCREMENT=1;

-- [Table `message` is empty]

CREATE TABLE `message_thread` (
   `message_thread_id` int(11) not null auto_increment,
   `message_thread_code` longtext not null,
   `sender` longtext not null,
   `reciever` longtext not null,
   `last_message_timestamp` longtext not null,
   PRIMARY KEY (`message_thread_id`)
) ENGINE=InnoDB DEFAULT CHARSET=utf8 AUTO_INCREMENT=1;

-- [Table `message_thread` is empty]

CREATE TABLE `noticeboard` (
   `notice_id` int(11) not null auto_increment,
   `notice_title` longtext not null,
   `notice` longtext not null,
   `create_timestamp` int(11) not null,
   PRIMARY KEY (`notice_id`)
) ENGINE=MyISAM DEFAULT CHARSET=utf8 AUTO_INCREMENT=2;

INSERT INTO `noticeboard` (`notice_id`, `notice_title`, `notice`, `create_timestamp`) VALUES 
('1', 'Republic Day', 'Republic Day. Be present by 6:30 am with parents for Republic Day celebration and program.', '1453762800');

CREATE TABLE `parent` (
   `parent_id` int(11) not null auto_increment,
   `name` longtext not null,
   `email` longtext not null,
   `password` longtext not null,
   `phone` longtext not null,
   `address` longtext not null,
   `profession` longtext not null,
   `authentication_key` longtext not null,
   PRIMARY KEY (`parent_id`)
) ENGINE=MyISAM DEFAULT CHARSET=utf8 AUTO_INCREMENT=3;

INSERT INTO `parent` (`parent_id`, `name`, `email`, `password`, `phone`, `address`, `profession`, `authentication_key`) VALUES 
('1', 'Parent One', 'parent@parent.com', 'parent', '9966332211', 'Address of parent one', 'Doctor', ''),
('2', 'Bhaskar pradhan', 'bhaskar@gmail.com', 'bhaskar', '9966332211', 'Shaktipeeth, Ambarnath', 'Self Employed', '');

CREATE TABLE `payment` (
   `payment_id` int(11) not null auto_increment,
   `expense_category_id` int(11) not null,
   `title` longtext not null,
   `payment_type` longtext not null,
   `invoice_id` int(11) not null,
   `student_id` int(11) not null,
   `method` longtext not null,
   `description` longtext not null,
   `amount` longtext not null,
   `timestamp` longtext not null,
   PRIMARY KEY (`payment_id`)
) ENGINE=MyISAM DEFAULT CHARSET=utf8 AUTO_INCREMENT=3;

INSERT INTO `payment` (`payment_id`, `expense_category_id`, `title`, `payment_type`, `invoice_id`, `student_id`, `method`, `description`, `amount`, `timestamp`) VALUES 
('1', '0', 'Books Invoice', 'income', '1', '6', '1', '5 text books taken', '400', '1451862000'),
('2', '1', 'jan sal', 'expense', '0', '0', '2', 'january salary - Tom Cruise Salary', '13000', '1451948400');

CREATE TABLE `section` (
   `section_id` int(11) not null auto_increment,
   `name` longtext not null,
   `nick_name` longtext not null,
   `class_id` int(11) not null,
   `teacher_id` int(11) not null,
   PRIMARY KEY (`section_id`)
) ENGINE=InnoDB DEFAULT CHARSET=utf8 AUTO_INCREMENT=9;

INSERT INTO `section` (`section_id`, `name`, `nick_name`, `class_id`, `teacher_id`) VALUES 
('1', 'Nursery A', 'NA', '1', '1'),
('2', 'Nursery B', 'NB', '1', '1'),
('3', 'KGA', 'KA', '2', '2'),
('4', 'KGB', 'KB', '2', '2'),
('5', 'First A', '1A', '3', '1'),
('6', 'First B', '1B', '3', '1'),
('7', 'Second A', '2A', '4', '2'),
('8', 'Second B', '2B', '4', '2');

CREATE TABLE `settings` (
   `settings_id` int(11) not null auto_increment,
   `type` longtext CHARSET utf8 not null,
   `description` longtext CHARSET utf8 not null,
   PRIMARY KEY (`settings_id`)
) ENGINE=MyISAM DEFAULT CHARSET=latin1 AUTO_INCREMENT=21;

INSERT INTO `settings` (`settings_id`, `type`, `description`) VALUES 
('1', 'system_name', 'PHP School Management System'),
('2', 'system_title', 'PHP School'),
('3', 'address', 'Delhi, India'),
('4', 'phone', '+91-11-11111111'),
('5', 'paypal_email', 'payment@school.com'),
('6', 'currency', 'INR'),
('7', 'system_email', 'school@phpsoftwares.com'),
('20', 'active_sms_service', 'disabled'),
('11', 'language', 'english'),
('12', 'text_align', 'left-to-right'),
('13', 'clickatell_user', ''),
('14', 'clickatell_password', ''),
('15', 'clickatell_api_id', ''),
('16', 'skin_colour', 'default'),
('17', 'twilio_account_sid', ''),
('18', 'twilio_auth_token', ''),
('19', 'twilio_sender_phone_number', '');

CREATE TABLE `student` (
   `student_id` int(11) not null auto_increment,
   `name` longtext not null,
   `birthday` longtext not null,
   `sex` longtext not null,
   `religion` longtext not null,
   `blood_group` longtext not null,
   `address` longtext not null,
   `phone` longtext not null,
   `email` longtext not null,
   `password` longtext not null,
   `father_name` longtext not null,
   `mother_name` longtext not null,
   `class_id` longtext not null,
   `section_id` int(11) not null,
   `parent_id` int(11) not null,
   `roll` longtext not null,
   `transport_id` int(11) not null,
   `dormitory_id` int(11) not null,
   `dormitory_room_number` longtext not null,
   `authentication_key` longtext not null,
   PRIMARY KEY (`student_id`)
) ENGINE=InnoDB DEFAULT CHARSET=utf8 AUTO_INCREMENT=127;

INSERT INTO `student` (`student_id`, `name`, `birthday`, `sex`, `religion`, `blood_group`, `address`, `phone`, `email`, `password`, `father_name`, `mother_name`, `class_id`, `section_id`, `parent_id`, `roll`, `transport_id`, `dormitory_id`, `dormitory_room_number`, `authentication_key`) VALUES 
('1', 'Student One', '10/13/2009', 'male', '', '', 'Sector 14, India House, New Delhi', '9955996699', 'student@student.com', 'student', '', '', '1', '1', '1', 'N001', '1', '1', '', ''),
('2', 'Ambika Ghaiwatkar', '34485', 'female', '', '', 'Sector , Gwalior city', '9898989898', 'ambi.ghaiwatkar@a.com', 'ambi.ghaiwatkar@a.com', '', '', '1', '1', '2', 'N002', '1', '2', '', ''),
('3', 'Mangla Ashtankar', '34674', 'female', '', '', 'Sector , Gwalior city', '9898989898', 'ashtankarmangla612@a.com', 'ashtankarmangla612@a.com', '', '', '1', '0', '0', 'N003', '0', '0', '', ''),
('4', 'Pooja Ganvir', '34670', 'female', '', '', 'Sector , Gwalior city', '9898989898', 'poojaganvir94@a.com', 'poojaganvir94@a.com', '', '', '1', '0', '0', 'N004', '0', '0', '', ''),
('5', 'Pradhnya Bhoyar', '34837', 'female', '', '', 'Sector , Gwalior city', '9898989898', 'pradhnya.bhoyar18@a.com', 'pradhnya.bhoyar18@a.com', '', '', '1', '0', '0', 'N005', '0', '0', '', ''),
('6', 'Surabhi Parate ', '34736', 'female', '', '', 'Sector , Gwalior city', '9898989898', 'surabhiparate@a.com', 'surabhiparate@a.com', '', '', '1', '0', '0', 'N006', '0', '0', '', ''),
('7', 'Piyush Shukla ', '34722', 'male', '', '', 'Sector , Gwalior city', '9898989898', 'shukla.piyush318@a.com', 'shukla.piyush318@a.com', '', '', '1', '0', '0', 'N007', '0', '0', '', ''),
('8', 'Pranay Kamble', '34249', 'male', '', '', 'Sector , Gwalior city', '9898989898', 'pranaykamble007@gamail.com', 'pranaykamble007@gamail.com', '', '', '1', '0', '0', 'N008', '0', '0', '', ''),
('9', 'Shubahnshu Sahare', '34324', 'male', '', '', 'Sector , Gwalior city', '9898989898', 'sahareshubhanshu@gamil.com', 'sahareshubhanshu@gamil.com', '', '', '1', '0', '0', 'N009', '0', '0', '', ''),
('10', 'Abhishek Motdhare', '33808', 'male', '', '', 'Sector , Gwalior city', '9898989898', 'abhi.motdhare@a.com', 'abhi.motdhare@a.com', '', '', '1', '0', '0', 'N010', '0', '0', '', ''),
('11', 'AMBU P. AMBADARE', '16/12/1994', 'male', '', '', 'Sector , Gwalior city', '9898989898', 'Ambuambadare16@a.com', 'Ambuambadare16@a.com', '', '', '1', '0', '0', 'N011', '0', '0', '', ''),
('12', 'ANKITA B. SINGH', '14/11/1994', 'female', '', '', 'Sector , Gwalior city', '9898989898', 'Ankitasingh346@a.com', 'Ankitasingh346@a.com', '', '', '1', '0', '0', 'N012', '0', '0', '', ''),
('13', 'ANKITA PATLE', '34527', 'female', '', '', 'Sector , Gwalior city', '9898989898', 'Apatle204@a.com', 'Apatle204@a.com', '', '', '1', '0', '0', 'N013', '0', '0', '', ''),
('14', 'KAJAL D. THAKUR', '14/8/1994', 'female', '', '', 'Sector , Gwalior city', '9898989898', 'Rajputkajal94@a.com', 'Rajputkajal94@a.com', '', '', '1', '0', '0', 'N014', '0', '0', '', ''),
('15', 'KIRAN R. KAMBLE', '34012', 'female', '', '', 'Sector , Gwalior city', '9898989898', 'Kirankamble984@a.com', 'Kirankamble984@a.com', '', '', '1', '0', '0', 'N015', '0', '0', '', ''),
('16', 'KOMAL R. NAXINE', '34759', 'female', '', '', 'Sector , Gwalior city', '9898989898', 'Komalnaxine12@a.com', 'Komalnaxine12@a.com', '', '', '1', '0', '0', 'N016', '0', '0', '', ''),
('17', 'MINAL S. KHARTAD', '34005', 'female', '', '', 'Sector , Gwalior city', '9898989898', 'Minalkhartad14@a.com', 'Minalkhartad14@a.com', '', '', '1', '0', '0', 'N017', '0', '0', '', ''),
('18', 'PALLAVI S. FEGADE', '14/2/1995', 'female', '', '', 'Sector , Gwalior city', '9898989898', 'Pallavifegade2@a.com', 'Pallavifegade2@a.com', '', '', '1', '0', '0', 'N018', '0', '0', '', ''),
('19', 'PRIYANKA S. DEWHARE', '25/7/1994', 'female', '', '', 'Sector , Gwalior city', '9898989898', 'priyankadewhare@a.com', 'priyankadewhare@a.com', '', '', '1', '0', '0', 'N019', '0', '0', '', ''),
('20', 'RAKSHANA N. SHELKE', '29/11/1994', 'female', '', '', 'Sector , Gwalior city', '9898989898', 'rakshanshelke@a.com', 'rakshanshelke@a.com', '', '', '1', '0', '0', 'N020', '0', '0', '', ''),
('21', 'RASHMI T. GHATOLE', '26/9/1993', 'male', '', '', 'Sector , Gwalior city', '9898989898', 'rashmighatole@gmal.com', 'rashmighatole@gmal.com', '', '', '1', '0', '0', 'N021', '0', '0', '', ''),
('22', 'SANJIVANI B. PATIL', '17/9/1994', 'female', '', '', 'Sector , Gwalior city', '9898989898', 'sanjuppatil14@a.com', 'sanjuppatil14@a.com', '', '', '1', '0', '0', 'N022', '0', '0', '', ''),
('23', 'SHAHINA SHEIKH', '32884', 'female', '', '', 'Sector , Gwalior city', '9898989898', 'shahinasheikh123@a.com', 'shahinasheikh123@a.com', '', '', '1', '0', '0', 'N023', '0', '0', '', ''),
('24', 'SHAHISTA SHEIKH', '34554', 'female', '', '', 'Sector , Gwalior city', '9898989898', 'sheikhsahista67@a.com', 'sheikhsahista67@a.com', '', '', '1', '0', '0', 'N024', '0', '0', '', ''),
('25', 'SHRADDHA S. SHARMA', '14/1/1994', 'female', '', '', 'Sector , Gwalior city', '9898989898', 'shraddhasharma71120@a.com', 'shraddhasharma71120@a.com', '', '', '1', '0', '0', 'N025', '0', '0', '', ''),
('26', 'SNEHAL K. DESHMUKH', '34434', 'female', '', '', 'Sector , Gwalior city', '9898989898', 'shehaldeshmukh963434@a.com', 'shehaldeshmukh963434@a.com', '', '', '1', '0', '0', 'N026', '0', '0', '', ''),
('52', 'zmbimz phziwztmzr', '34485', 'female', '', '', 'Agarpur', '9898989898', 'KGmbi.ghKGiwKGtkKGr@KG.com', 'ambi.ghaiwatkar@a.com', '', '', '2', '0', '0', 'KG001', '0', '0', '', ''),
('53', 'Mznplz zshtznmzr', '34674', 'female', '', '', 'Agwarkhas', '9898989898', 'KGshtKGnkKGrmKGnglKG612@KG.com', 'ashtankarmangla612@a.com', '', '', '2', '0', '0', 'KG002', '0', '0', '', ''),
('54', 'Poojz pznvir', '34670', 'female', '', '', 'Aharan', '9898989898', 'poojKGgKGnvir94@KG.com', 'poojaganvir94@a.com', '', '', '2', '0', '0', 'KG003', '0', '0', '', ''),
('55', 'Przdhnyz Bhoyzr', '34837', 'female', '', '', 'Amanabad', '9898989898', 'prKGdhnyKG.bhoyKGr18@KG.com', 'pradhnya.bhoyar18@a.com', '', '', '2', '0', '0', 'KG004', '0', '0', '', ''),
('56', 'Surzbhi Pzrzte ', '34736', 'female', '', '', 'Anwal Khera', '9898989898', 'surKGbhipKGrKGte@KG.com', 'surabhiparate@a.com', '', '', '2', '0', '0', 'KG005', '0', '0', '', ''),
('57', 'Piyush Shumlz ', '34722', 'male', '', '', 'Arela', '9898989898', 'shuklKG.piyush318@KG.com', 'shukla.piyush318@a.com', '', '', '2', '0', '0', 'KG006', '0', '0', '', ''),
('58', 'Prznzy mzmble', '34249', 'male', '', '', 'Bahrampur', '9898989898', 'prKGnKGykKGmble007@gKGmKGil.com', 'pranaykamble007@gamail.com', '', '', '2', '0', '0', 'KG007', '0', '0', '', ''),
('59', 'Shubzhnshu Szhzre', '34324', 'male', '', '', 'Bailoth', '9898989898', 'sKGhKGreshubhKGnshu@gKGmil.com', 'sahareshubhanshu@gamil.com', '', '', '2', '0', '0', 'KG008', '0', '0', '', ''),
('60', 'zbhishem Motdhzre', '33808', 'male', '', '', 'Baman', '9898989898', 'KGbhi.motdhKGre@KG.com', 'abhi.motdhare@a.com', '', '', '2', '0', '0', 'KG009', '0', '0', '', ''),
('61', 'zMBU P. zMBzDzRE', '16/12/1994', 'male', '', '', 'Bandhanu', '9898989898', 'KGmbuKGmbKGdKGre16@KG.com', 'Ambuambadare16@a.com', '', '', '2', '0', '0', 'KG010', '0', '0', '', ''),
('62', 'zNmITz B. SINpH', '14/11/1994', 'female', '', '', 'Barhan', '9898989898', 'KGnkitKGsingh346@KG.com', 'Ankitasingh346@a.com', '', '', '2', '0', '0', 'KG011', '0', '0', '', ''),
('63', 'zNmITz PzTLE', '34527', 'female', '', '', 'Benai', '9898989898', 'KGpKGtle204@KG.com', 'Apatle204@a.com', '', '', '2', '0', '0', 'KG012', '0', '0', '', ''),
('64', 'mzJzL D. THzmUR', '14/8/1994', 'female', '', '', 'Bhagupur', '9898989898', 'RKGjputkKGjKGl94@KG.com', 'Rajputkajal94@a.com', '', '', '2', '0', '0', 'KG013', '0', '0', '', ''),
('65', 'mIRzN R. mzMBLE', '34012', 'female', '', '', 'Bhikanpur Bakarpur', '9898989898', 'KirKGnkKGmble984@KG.com', 'Kirankamble984@a.com', '', '', '2', '0', '0', 'KG014', '0', '0', '', ''),
('66', 'mOMzL R. NzXINE', '34759', 'female', '', '', 'Biharipur', '9898989898', 'KomKGlnKGxine12@KG.com', 'Komalnaxine12@a.com', '', '', '2', '0', '0', 'KG015', '0', '0', '', ''),
('67', 'MINzL S. mHzRTzD', '34005', 'female', '', '', 'Biruni', '9898989898', 'MinKGlkhKGrtKGd14@KG.com', 'Minalkhartad14@a.com', '', '', '2', '0', '0', 'KG016', '0', '0', '', ''),
('68', 'PzLLzVI S. FEpzDE', '14/2/1995', 'female', '', '', 'Chamraula', '9898989898', 'PKGllKGvifegKGde2@KG.com', 'Pallavifegade2@a.com', '', '', '2', '0', '0', 'KG017', '0', '0', '', ''),
('69', 'PRIYzNmz S. DEWHzRE', '25/7/1994', 'female', '', '', 'Chaoli', '9898989898', 'priyKGnkKGdewhKGre@KG.com', 'priyankadewhare@a.com', '', '', '2', '0', '0', 'KG018', '0', '0', '', ''),
('70', 'RzmSHzNz N. SHELmE', '29/11/1994', 'female', '', '', 'Chaugan', '9898989898', 'rKGkshKGnshelke@KG.com', 'rakshanshelke@a.com', '', '', '2', '0', '0', 'KG019', '0', '0', '', ''),
('71', 'RzSHMI T. pHzTOLE', '26/9/1993', 'male', '', '', 'Chaukra', '9898989898', 'rKGshmighKGtole@gmKGl.com', 'rashmighatole@gmal.com', '', '', '2', '0', '0', 'KG020', '0', '0', '', ''),
('72', 'SzNJIVzNI B. PzTIL', '17/9/1994', 'female', '', '', 'Chirhauli', '9898989898', 'sKGnjuppKGtil14@KG.com', 'sanjuppatil14@a.com', '', '', '2', '0', '0', 'KG021', '0', '0', '', ''),
('73', 'SHzHINz SHEImH', '32884', 'female', '', '', 'Chuharpur', '9898989898', 'shKGhinKGsheikh123@KG.com', 'shahinasheikh123@a.com', '', '', '2', '0', '0', 'KG022', '0', '0', '', ''),
('74', 'SHzHISTz SHEImH', '34554', 'female', '', '', 'Dhangraoli (A.H.)', '9898989898', 'sheikhsKGhistKG67@KG.com', 'sheikhsahista67@a.com', '', '', '2', '0', '0', 'KG023', '0', '0', '', ''),
('75', 'SHRzDDHz S. SHzRMz', '14/1/1994', 'female', '', '', 'Dhangrauli Must', '9898989898', 'shrKGddhKGshKGrmKG71120@KG.com', 'shraddhasharma71120@a.com', '', '', '2', '0', '0', 'KG024', '0', '0', '', ''),
('76', 'SNEHzL m. DESHMUmH', '34434', 'female', '', '', 'Dharera', '9898989898', 'shehKGldeshmukh963434@KG.com', 'shehaldeshmukh963434@a.com', '', '', '2', '0', '0', 'KG025', '0', '0', '', ''),
('77', 'ASHISH G. GANORKAR', '34485', 'female', '', '', 'Agarpur', '9898989898', 'westshgwestnorkwestr@west.com', 'westshgwestnorkwestr@west.com', '', '', '3', '0', '0', 'First001', '0', '0', '', ''),
('78', 'ASHISH PATEL', '34674', 'female', '', '', 'Agwarkhas', '9898989898', 'emwestil@westshishpwesttel.in', 'emwestil@westshishpwesttel.in', '', '', '3', '0', '0', 'First002', '0', '0', '', ''),
('79', 'BHUSHAN N. YELLURE', '34670', 'female', '', '', 'Aharan', '9898989898', 'bhushwestn.yelu@west.com', 'bhushwestn.yelu@west.com', '', '', '3', '0', '0', 'First003', '0', '0', '', ''),
('80', 'CHETAN A. NAGAPURE', '34837', 'female', '', '', 'Amanabad', '9898989898', 'nwestgpurechetwestn40@west.com', 'nwestgpurechetwestn40@west.com', '', '', '3', '0', '0', 'First004', '0', '0', '', ''),
('81', 'KAUTUBH S. BRAMHANKAR', '34736', 'female', '', '', 'Anwal Khera', '9898989898', 'kwestustubhot100@west.com', 'kwestustubhot100@west.com', '', '', '3', '0', '0', 'First005', '0', '0', '', ''),
('82', 'MANISHKUMAR M. CHANDANKAR', '34722', 'male', '', '', 'Arela', '9898989898', 'mchwestndwestnkwestr1993@west.com', 'mchwestndwestnkwestr1993@west.com', '', '', '3', '0', '0', 'First006', '0', '0', '', ''),
('83', 'MIHIR TALHAR', '34249', 'male', '', '', 'Bahrampur', '9898989898', 'mihittwestlhwestr92@west.com', 'mihittwestlhwestr92@west.com', '', '', '3', '0', '0', 'First007', '0', '0', '', ''),
('84', 'PAWAN B. BAMBODE', '34324', 'male', '', '', 'Bailoth', '9898989898', 'pwestwwestnbmbode@west.com', 'pwestwwestnbmbode@west.com', '', '', '3', '0', '0', 'First008', '0', '0', '', ''),
('85', 'SACHIN D. WAGHMARE', '33808', 'male', '', '', 'Baman', '9898989898', 'swwestghmwestre92@west.com', 'swwestghmwestre92@west.com', '', '', '3', '0', '0', 'First009', '0', '0', '', ''),
('86', 'SHANKAR S. MATE', '16/12/1994', 'male', '', '', 'Bandhanu', '9898989898', 'sm16392@west.com', 'sm16392@west.com', '', '', '3', '0', '0', 'First010', '0', '0', '', ''),
('87', 'TARAKANT G. KAPKATE', '14/11/1994', 'female', '', '', 'Barhan', '9898989898', 'tkwestpgwestte@west.com', 'tkwestpgwestte@west.com', '', '', '3', '0', '0', 'First011', '0', '0', '', ''),
('88', 'Rutuja Tadse', '34527', 'female', '', '', 'Benai', '9898989898', 'rutujwesttwestdse@west.com', 'rutujwesttwestdse@west.com', '', '', '3', '0', '0', 'First012', '0', '0', '', ''),
('89', 'Shital Pofare', '14/8/1994', 'female', '', '', 'Bhagupur', '9898989898', 'shitwestlpofwestre2013@west.com', 'shitwestlpofwestre2013@west.com', '', '', '3', '0', '0', 'First013', '0', '0', '', ''),
('90', 'Ankita Mathankar', '34012', 'female', '', '', 'Bhikanpur Bakarpur', '9898989898', 'erwestnkitwestmwestthwestnkwestr@west.com', 'erwestnkitwestmwestthwestnkwestr@west.com', '', '', '3', '0', '0', 'First014', '0', '0', '', ''),
('91', 'Rupesh Shil', '34759', 'female', '', '', 'Biharipur', '9898989898', 'rupeshshil789@west.com', 'rupeshshil789@west.com', '', '', '3', '0', '0', 'First015', '0', '0', '', ''),
('92', 'Devsmita Shil', '34005', 'female', '', '', 'Biruni', '9898989898', 'devsmitwestshilit@west.com', 'devsmitwestshilit@west.com', '', '', '3', '0', '0', 'First016', '0', '0', '', ''),
('93', 'Komal Deoghare', '14/2/1995', 'female', '', '', 'Chamraula', '9898989898', 'komdeoghwestre@west.com', 'komdeoghwestre@west.com', '', '', '3', '0', '0', 'First017', '0', '0', '', ''),
('94', 'Anjali Mathulkar', '25/7/1994', 'female', '', '', 'Chaoli', '9898989898', 'erwestnjwestlimwestthulkwestr@west.com', 'erwestnjwestlimwestthulkwestr@west.com', '', '', '3', '0', '0', 'First018', '0', '0', '', ''),
('95', 'Mithun Funde', '29/11/1994', 'female', '', '', 'Chaugan', '9898989898', 'smitts24@west.com', 'smitts24@west.com', '', '', '3', '0', '0', 'First019', '0', '0', '', ''),
('96', 'Rahul Naitam', '26/9/1993', 'male', '', '', 'Chaukra', '9898989898', 'rwesthulnwestitwestm170@west.com', 'rwesthulnwestitwestm170@west.com', '', '', '3', '0', '0', 'First020', '0', '0', '', ''),
('97', 'Minal Burande', '17/9/1994', 'female', '', '', 'Chirhauli', '9898989898', 'minwestl.burwestnde123@west.com', 'minwestl.burwestnde123@west.com', '', '', '3', '0', '0', 'First021', '0', '0', '', ''),
('98', 'Deepika Binekar', '32884', 'female', '', '', 'Chuharpur', '9898989898', 'dipsbinekwestr138@west.com', 'dipsbinekwestr138@west.com', '', '', '3', '0', '0', 'First022', '0', '0', '', ''),
('99', 'Sneha Bahadure', '34554', 'female', '', '', 'Dhangraoli (A.H.)', '9898989898', 'sbwesthwestdure26@west.com', 'sbwesthwestdure26@west.com', '', '', '3', '0', '0', 'First023', '0', '0', '', ''),
('100', 'Dipali Bawane', '14/1/1994', 'female', '', '', 'Dhangrauli Must', '9898989898', 'bwestwwestnedipwestli@west.com', 'bwestwwestnedipwestli@west.com', '', '', '3', '0', '0', 'First024', '0', '0', '', ''),
('101', 'Amol Gawali', '34434', 'female', '', '', 'Dharera', '9898989898', 'westmol26gwestwwestli@west.com', 'westmol26gwestwwestli@west.com', '', '', '3', '0', '0', 'First025', '0', '0', '', ''),
('102', 'rSHISH G. GrkhORKrR', '34485', 'female', '', '', 'Agarpur', '9898989898', 'qmstshgqmstnorkqmstr@qmst.com', 'qmstshgqmstnorkqmstr@qmst.com', '', '', '4', '0', '0', 'Second001', '0', '0', '', ''),
('103', 'rSHISH PrTEL', '34674', 'female', '', '', 'Agwarkhas', '9898989898', 'mmqmstil@qmstshishpqmsttml.in', 'mmqmstil@qmstshishpqmsttml.in', '', '', '4', '0', '0', 'Second002', '0', '0', '', ''),
('104', 'hgHUSHrkh kh. YELLURE', '34670', 'female', '', '', 'Aharan', '9898989898', 'bhushqmstn.ymlu@qmst.com', 'bhushqmstn.ymlu@qmst.com', '', '', '4', '0', '0', 'Second003', '0', '0', '', ''),
('105', 'CHETrkh r. khrGrPURE', '34837', 'female', '', '', 'Amanabad', '9898989898', 'nqmstgpurmchmtqmstn40@qmst.com', 'nqmstgpurmchmtqmstn40@qmst.com', '', '', '4', '0', '0', 'Second004', '0', '0', '', ''),
('106', 'KrUTUhgH S. hgRrMHrkhKrR', '34736', 'female', '', '', 'Anwal Khera', '9898989898', 'kqmstustubhot100@qmst.com', 'kqmstustubhot100@qmst.com', '', '', '4', '0', '0', 'Second005', '0', '0', '', ''),
('107', 'MrkhISHKUMrR M. CHrkhDrkhKrR', '34722', 'male', '', '', 'Arela', '9898989898', 'mchqmstndqmstnkqmstr1993@qmst.com', 'mchqmstndqmstnkqmstr1993@qmst.com', '', '', '4', '0', '0', 'Second006', '0', '0', '', ''),
('108', 'MIHIR TrLHrR', '34249', 'male', '', '', 'Bahrampur', '9898989898', 'mihittqmstlhqmstr92@qmst.com', 'mihittqmstlhqmstr92@qmst.com', '', '', '4', '0', '0', 'Second007', '0', '0', '', ''),
('109', 'PrWrkh hg. hgrMhgODE', '34324', 'male', '', '', 'Bailoth', '9898989898', 'pqmstqqmstnbmbodm@qmst.com', 'pqmstqqmstnbmbodm@qmst.com', '', '', '4', '0', '0', 'Second008', '0', '0', '', ''),
('110', 'SrCHIkh D. WrGHMrRE', '33808', 'male', '', '', 'Baman', '9898989898', 'sqqmstghmqmstrm92@qmst.com', 'sqqmstghmqmstrm92@qmst.com', '', '', '4', '0', '0', 'Second009', '0', '0', '', ''),
('111', 'SHrkhKrR S. MrTE', '16/12/1994', 'male', '', '', 'Bandhanu', '9898989898', 'sm16392@qmst.com', 'sm16392@qmst.com', '', '', '4', '0', '0', 'Second010', '0', '0', '', ''),
('112', 'TrRrKrkhT G. KrPKrTE', '14/11/1994', 'female', '', '', 'Barhan', '9898989898', 'tkqmstpgqmsttm@qmst.com', 'tkqmstpgqmsttm@qmst.com', '', '', '4', '0', '0', 'Second011', '0', '0', '', ''),
('113', 'Rutujr Trdse', '34527', 'female', '', '', 'Benai', '9898989898', 'rutujqmsttqmstdsm@qmst.com', 'rutujqmsttqmstdsm@qmst.com', '', '', '4', '0', '0', 'Second012', '0', '0', '', ''),
('114', 'Shitrl Pofrre', '14/8/1994', 'female', '', '', 'Bhagupur', '9898989898', 'shitqmstlpofqmstrm2013@qmst.com', 'shitqmstlpofqmstrm2013@qmst.com', '', '', '4', '0', '0', 'Second013', '0', '0', '', ''),
('115', 'rkhkitr Mrthrkhkrr', '34012', 'female', '', '', 'Bhikanpur Bakarpur', '9898989898', 'mrqmstnkitqmstmqmstthqmstnkqmstr@qmst.com', 'mrqmstnkitqmstmqmstthqmstnkqmstr@qmst.com', '', '', '4', '0', '0', 'Second014', '0', '0', '', ''),
('116', 'Rupesh Shil', '34759', 'female', '', '', 'Biharipur', '9898989898', 'rupmshshil789@qmst.com', 'rupmshshil789@qmst.com', '', '', '4', '0', '0', 'Second015', '0', '0', '', ''),
('117', 'Devsmitr Shil', '34005', 'female', '', '', 'Biruni', '9898989898', 'dmvsmitqmstshilit@qmst.com', 'dmvsmitqmstshilit@qmst.com', '', '', '4', '0', '0', 'Second016', '0', '0', '', ''),
('118', 'Komrl Deoghrre', '14/2/1995', 'female', '', '', 'Chamraula', '9898989898', 'komdmoghqmstrm@qmst.com', 'komdmoghqmstrm@qmst.com', '', '', '4', '0', '0', 'Second017', '0', '0', '', ''),
('119', 'rkhjrli Mrthulkrr', '25/7/1994', 'female', '', '', 'Chaoli', '9898989898', 'mrqmstnjqmstlimqmstthulkqmstr@qmst.com', 'mrqmstnjqmstlimqmstthulkqmstr@qmst.com', '', '', '4', '0', '0', 'Second018', '0', '0', '', ''),
('120', 'Mithukh Fukhde', '29/11/1994', 'female', '', '', 'Chaugan', '9898989898', 'smitts24@qmst.com', 'smitts24@qmst.com', '', '', '4', '0', '0', 'Second019', '0', '0', '', ''),
('121', 'Rrhul khritrm', '26/9/1993', 'male', '', '', 'Chaukra', '9898989898', 'rqmsthulnqmstitqmstm170@qmst.com', 'rqmsthulnqmstitqmstm170@qmst.com', '', '', '4', '0', '0', 'Second020', '0', '0', '', ''),
('122', 'Mikhrl hgurrkhde', '17/9/1994', 'female', '', '', 'Chirhauli', '9898989898', 'minqmstl.burqmstndm123@qmst.com', 'minqmstl.burqmstndm123@qmst.com', '', '', '4', '0', '0', 'Second021', '0', '0', '', ''),
('123', 'Deepikr hgikhekrr', '32884', 'female', '', '', 'Chuharpur', '9898989898', 'dipsbinmkqmstr138@qmst.com', 'dipsbinmkqmstr138@qmst.com', '', '', '4', '0', '0', 'Second022', '0', '0', '', ''),
('124', 'Skhehr hgrhrdure', '34554', 'female', '', '', 'Dhangraoli (A.H.)', '9898989898', 'sbqmsthqmstdurm26@qmst.com', 'sbqmsthqmstdurm26@qmst.com', '', '', '4', '0', '0', 'Second023', '0', '0', '', ''),
('125', 'Diprli hgrwrkhe', '14/1/1994', 'female', '', '', 'Dhangrauli Must', '9898989898', 'bqmstqqmstnmdipqmstli@qmst.com', 'bqmstqqmstnmdipqmstli@qmst.com', '', '', '4', '0', '0', 'Second024', '0', '0', '', ''),
('126', 'rmol Grwrli', '34434', 'female', '', '', 'Dharera', '9898989898', 'qmstmol26gqmstqqmstli@qmst.com', 'qmstmol26gqmstqqmstli@qmst.com', '', '', '4', '0', '0', 'Second025', '0', '0', '', '');

CREATE TABLE `subject` (
   `subject_id` int(11) not null auto_increment,
   `name` longtext not null,
   `class_id` int(11) not null,
   `teacher_id` int(11),
   PRIMARY KEY (`subject_id`)
) ENGINE=InnoDB DEFAULT CHARSET=utf8 AUTO_INCREMENT=17;

INSERT INTO `subject` (`subject_id`, `name`, `class_id`, `teacher_id`) VALUES 
('1', 'English', '1', '1'),
('2', 'Maths', '1', '1'),
('3', 'Drawing', '1', '1'),
('4', 'English', '2', '2'),
('5', 'Maths', '2', '2'),
('6', 'Science', '2', '2'),
('7', 'English', '3', '1'),
('8', 'Maths', '3', '1'),
('9', 'Science', '3', '1'),
('10', 'Social Studies', '3', '1'),
('11', 'English', '4', '2'),
('12', 'Maths', '4', '2'),
('13', 'Hindi', '4', '2'),
('14', 'Science', '4', '2'),
('15', 'Social Studies', '4', '2'),
('16', 'PT', '4', '2');

CREATE TABLE `teacher` (
   `teacher_id` int(11) not null auto_increment,
   `name` longtext not null,
   `birthday` longtext not null,
   `sex` longtext not null,
   `religion` longtext not null,
   `blood_group` longtext not null,
   `address` longtext not null,
   `phone` longtext not null,
   `email` longtext not null,
   `password` longtext not null,
   `authentication_key` longtext not null,
   PRIMARY KEY (`teacher_id`)
) ENGINE=InnoDB DEFAULT CHARSET=utf8 AUTO_INCREMENT=3;

INSERT INTO `teacher` (`teacher_id`, `name`, `birthday`, `sex`, `religion`, `blood_group`, `address`, `phone`, `email`, `password`, `authentication_key`) VALUES 
('1', 'Teacher One', '06/06/1979', 'male', '', '', 'Address Line Here', '9800000000', 'teacher@teacher.com', 'teacher', ''),
('2', 'Shanu Thakur', '06/10/1972', 'female', '', '', '101, Ahilya Niwas, Sector 4, New Delhi', '9988776655', 'shanu@gmail.com', 'shanu', '');

CREATE TABLE `transport` (
   `transport_id` int(11) not null auto_increment,
   `route_name` longtext not null,
   `number_of_vehicle` longtext not null,
   `description` longtext not null,
   `route_fare` longtext not null,
   PRIMARY KEY (`transport_id`)
) ENGINE=MyISAM DEFAULT CHARSET=utf8 AUTO_INCREMENT=3;

INSERT INTO `transport` (`transport_id`, `route_name`, `number_of_vehicle`, `description`, `route_fare`) VALUES 
('1', 'North Route', '3', 'From Chandni Chowk to India Gate', '200'),
('2', 'South Route', '2', 'From Noida to India Gate', '400');